{"rollout/ep_rew_mean":-125.47441,"train/policy_gradient_loss":0.0003318906,"train/learning_rate":0.002974181,"train/approx_kl":0.014736404,"train/clip_range":0.2,"train/loss":0.038378406,"_timestamp":1.7369765711370687e+09,"global_step":100352,"train/clip_fraction":0.18447265,"train/value_loss":0.02251102,"_runtime":96.7595449,"train/entropy_loss":-3.8946838,"_wandb":{"runtime":97},"_step":626,"train/std":0.89938855,"train/explained_variance":0.83105344,"rollout/ep_len_mean":993.89,"time/fps":1060}