{"train/clip_fraction":0.10068359,"train/learning_rate":0.0008326353,"train/entropy_loss":3.9578652,"_runtime":2851.3083752,"rollout/ep_len_mean":998.05,"train/loss":0.0041296734,"global_step":3000320,"train/policy_gradient_loss":0.0026775717,"train/value_loss":0.069390036,"train/std":0.064754725,"train/approx_kl":0.008096898,"rollout/ep_rew_mean":-32.68094,"train/explained_variance":0.9759535,"_step":19034,"_wandb":{"runtime":2852},"train/clip_range":0.2,"_timestamp":1.73705977043617e+09,"time/fps":1052}