{"_step":19034,"global_step":3000320,"train/std":0.07266883,"rollout/ep_len_mean":802.98,"train/explained_variance":0.9632171,"train/value_loss":10.957393,"train/approx_kl":0.022582222,"train/policy_gradient_loss":0.011288189,"train/clip_fraction":0.2763672,"_timestamp":1.737059357971631e+09,"train/entropy_loss":3.628023,"_wandb":{"runtime":2825},"time/fps":1064,"_runtime":2822.4384505,"train/learning_rate":0.00023050116,"train/clip_range":0.2,"train/loss":7.715881,"rollout/ep_rew_mean":111.802864}