{"train/explained_variance":0.968242,"train/policy_gradient_loss":-0.004066199,"rollout/ep_len_mean":874.38,"train/entropy_loss":-0.16051264,"train/clip_fraction":0.07646485,"global_step":3000320,"rollout/ep_rew_mean":-18.634127,"train/value_loss":0.006036241,"_wandb":{"runtime":2635},"train/std":0.2555646,"train/loss":-0.0051372545,"_step":19035,"train/approx_kl":0.006590478,"_runtime":2635.1559279,"time/fps":1139,"_timestamp":1.7369851656721652e+09,"train/clip_range":0.2,"train/learning_rate":0.00026848508}