{"train/std":0.048767854,"train/clip_range":0.2,"train/value_loss":0.009366439,"_step":19035,"train/policy_gradient_loss":-0.0032479223,"rollout/ep_len_mean":1001,"train/explained_variance":0.9899455,"train/learning_rate":0.00061925227,"_runtime":3545.4681287,"global_step":3000320,"train/clip_fraction":0.16152343,"train/entropy_loss":4.8140864,"train/approx_kl":0.11917077,"rollout/ep_rew_mean":-42.200027,"time/fps":847,"train/loss":0.02633126,"_wandb":{"runtime":3545},"_timestamp":1.737139088556825e+09}