{"train/loss":0.23381557,"train/learning_rate":0.0020872063,"train/approx_kl":0.0049094977,"_step":54,"train/policy_gradient_loss":-0.0026570556,"train/std":1.0217932,"train/clip_fraction":0.028076172,"train/clip_range":0.2,"rollout/ep_rew_mean":-226.33218,"_wandb":{"runtime":10},"train/explained_variance":0.075126946,"_timestamp":1.7369764011815944e+09,"time/fps":1400,"_runtime":10.5771818,"train/value_loss":1.0397849,"train/entropy_loss":-4.3064775,"global_step":10240,"rollout/ep_len_mean":1001}