{"_wandb":{"runtime":3260},"rollout/ep_len_mean":979.27,"train/std":0.050113857,"train/explained_variance":0.9816838,"train/clip_range":0.2,"train/value_loss":0.005043634,"train/learning_rate":0.00094561087,"_step":19035,"train/loss":-0.0022091,"time/fps":921,"train/entropy_loss":4.782372,"train/clip_fraction":0.20834962,"_runtime":3260.5844077,"global_step":3000320,"train/policy_gradient_loss":0.008277068,"train/approx_kl":0.016871676,"_timestamp":1.7369884289505506e+09,"rollout/ep_rew_mean":-25.129545}