{"rollout/ep_len_mean":722.76,"train/policy_gradient_loss":0.0071761,"_runtime":2162.278269,"global_step":3000320,"train/loss":-0.0009227115,"time/fps":1388,"_step":19034,"train/std":0.10590473,"train/value_loss":0.0034781396,"train/clip_range":0.2,"train/entropy_loss":2.4991415,"train/approx_kl":0.021399103,"train/clip_fraction":0.22402343,"rollout/ep_rew_mean":-11.61085,"_wandb":{"runtime":2162},"train/learning_rate":0.0003,"_timestamp":1.7367650094551165e+09,"train/explained_variance":-0.12574363}