{"train/learning_rate":7.772503e-05,"train/explained_variance":0.8791821,"train/clip_fraction":0.17465821,"global_step":3000320,"train/policy_gradient_loss":-0.0073328125,"train/entropy_loss":-0.325527,"train/value_loss":0.027667228,"_step":19034,"train/clip_range":0.2,"_runtime":3563.1320139,"_wandb":{"runtime":3565},"train/loss":0.00081745535,"train/std":0.270396,"time/fps":842,"rollout/ep_rew_mean":-13.133081,"train/approx_kl":0.013428951,"rollout/ep_len_mean":482.5,"_timestamp":1.7369803410685916e+09}