{"_runtime":2542.6579431,"train/clip_range":0.2,"train/learning_rate":0.0003,"train/value_loss":0.0039016579,"rollout/ep_len_mean":586.41,"rollout/ep_rew_mean":-12.912288,"train/approx_kl":0.018910082,"train/std":0.08073241,"train/entropy_loss":3.313166,"time/fps":1180,"train/policy_gradient_loss":0.008002081,"train/loss":0.004162536,"train/explained_variance":0.9986522,"_timestamp":1.736970737383178e+09,"global_step":3000320,"_step":19034,"train/clip_fraction":0.29960936,"_wandb":{"runtime":2543}}