{"train/clip_fraction":0.020019531,"train/policy_gradient_loss":0.0025001566,"_wandb":{"runtime":1576},"train/loss":0.013826894,"_timestamp":1.7367748753409636e+09,"_runtime":1576.7813656,"rollout/ep_len_mean":942.85,"time/fps":1905,"train/value_loss":0.041681647,"train/std":0.7157648,"train/learning_rate":0.0003,"rollout/ep_rew_mean":-22.227428,"train/approx_kl":0.0026389137,"global_step":3000320,"train/clip_range":0.2,"train/explained_variance":0.8547706,"_step":19035,"train/entropy_loss":-3.2478943}