{"train/approx_kl":0.019704739,"_step":19034,"train/clip_fraction":0.35688478,"train/value_loss":0.05005572,"_wandb":{"runtime":3116},"train/entropy_loss":2.655837,"train/std":0.10035789,"train/explained_variance":0.8614872,"rollout/ep_rew_mean":-10.145384,"train/loss":0.04184794,"global_step":3000320,"train/policy_gradient_loss":0.011011421,"time/fps":965,"train/clip_range":0.2,"train/learning_rate":0.0005060371,"_runtime":3115.7963922,"rollout/ep_len_mean":1001,"_timestamp":1.737142737844343e+09}