{"train/loss":0.053764697,"train/entropy_loss":3.1914268,"train/learning_rate":0.00025158675,"rollout/ep_rew_mean":-13.324876,"train/clip_fraction":0.31782228,"train/std":0.083702676,"_step":19034,"train/value_loss":0.00085676246,"_timestamp":1.7369835527535493e+09,"train/explained_variance":0.99627125,"time/fps":906,"train/clip_range":0.2,"global_step":3000320,"_runtime":3314.2434177,"train/approx_kl":0.020718165,"rollout/ep_len_mean":697.59,"train/policy_gradient_loss":0.013530639,"_wandb":{"runtime":3314}}