{"train/clip_range":0.2,"rollout/ep_rew_mean":58.471024,"global_step":3000320,"_runtime":2756.9927538,"train/approx_kl":0.001811081,"train/entropy_loss":-0.411445,"train/policy_gradient_loss":-0.003851814,"_wandb":{"runtime":2756},"_step":19035,"_timestamp":1.7370656437200208e+09,"time/fps":1090,"train/loss":0.986978,"train/explained_variance":0.91167164,"train/std":0.27819824,"train/value_loss":3.1821668,"train/learning_rate":0.0001082422,"train/clip_fraction":0.06733398,"rollout/ep_len_mean":416.66}