{"rollout/ep_len_mean":1001,"train/clip_fraction":0.14667968,"train/policy_gradient_loss":-0.006568543,"_wandb":{"runtime":59},"global_step":100352,"rollout/ep_rew_mean":-107.22023,"train/learning_rate":0.0021248013,"train/value_loss":0.035906438,"_step":627,"_runtime":59.9028534,"_timestamp":1.7369745757449596e+09,"train/explained_variance":0.9186994,"train/loss":0.01288899,"train/entropy_loss":-3.8724113,"train/approx_kl":0.014633777,"train/std":0.8860219,"time/fps":1746,"train/clip_range":0.2}