{"train/policy_gradient_loss":0.0011244678,"train/explained_variance":0.7160469,"train/clip_fraction":0.10493164,"train/learning_rate":0.00093272567,"rollout/ep_len_mean":1001,"train/approx_kl":0.0078060916,"train/clip_range":0.2,"_runtime":4341.0234544,"train/loss":0.0082028685,"global_step":3000320,"_timestamp":1.7371305350160906e+09,"rollout/ep_rew_mean":-63.444115,"time/fps":691,"_wandb":{"runtime":4342},"train/std":0.08051321,"train/entropy_loss":3.3763106,"_step":19034,"train/value_loss":0.010210811}