{"_step":19035,"rollout/ep_len_mean":833.74,"time/fps":1057,"train/explained_variance":0.97813654,"_runtime":2841.6340177,"rollout/ep_rew_mean":-16.648254,"_timestamp":1.736987802149927e+09,"train/approx_kl":0.022985468,"_wandb":{"runtime":2841},"train/learning_rate":0.0006688662,"train/clip_fraction":0.31289062,"train/policy_gradient_loss":0.0035457213,"train/entropy_loss":3.629042,"train/std":0.07254956,"global_step":3000320,"train/value_loss":0.004991662,"train/clip_range":0.2,"train/loss":-0.013832279}