{"train/learning_rate":0.0007495666,"train/value_loss":0.0019273912,"train/loss":0.020349015,"_step":19035,"train/explained_variance":0.9870744,"train/clip_fraction":0.1574707,"rollout/ep_rew_mean":-48.834435,"time/fps":984,"_wandb":{"runtime":3050},"train/std":0.045365114,"train/entropy_loss":5.028854,"_timestamp":1.7371174418331957e+09,"rollout/ep_len_mean":1001,"global_step":3000320,"train/approx_kl":0.008328091,"train/policy_gradient_loss":0.0009449161,"_runtime":3050.7583741,"train/clip_range":0.2}