{"rollout/ep_len_mean":936.37,"train/loss":0.08276391,"_runtime":3540.6389774,"_timestamp":1.7371324430763013e+09,"train/policy_gradient_loss":0.016165683,"train/clip_fraction":0.35834962,"train/entropy_loss":4.294413,"train/approx_kl":0.20802546,"rollout/ep_rew_mean":68.13437,"train/explained_variance":0.9492595,"time/fps":848,"train/std":0.058056686,"_step":19034,"train/clip_range":0.2,"train/learning_rate":0.00025170486,"_wandb":{"runtime":3541},"train/value_loss":0.215368,"global_step":3000320}