{"_runtime":2552.6332187,"train/value_loss":0.0006468243,"_wandb":{"runtime":2552},"train/clip_range":0.2,"train/clip_fraction":0.21445313,"train/approx_kl":0.025268346,"global_step":3000320,"train/loss":0.0038609223,"train/policy_gradient_loss":0.0014001452,"train/learning_rate":0.0003,"train/explained_variance":0.99628854,"_step":19035,"rollout/ep_len_mean":765.46,"time/fps":1176,"_timestamp":1.7369561136770568e+09,"train/entropy_loss":2.4807076,"train/std":0.10660407,"rollout/ep_rew_mean":-17.76069}