{"global_step":100352,"rollout/ep_rew_mean":-138.65279,"train/clip_fraction":0.2177246,"time/fps":1074,"train/learning_rate":0.0030920657,"train/explained_variance":0.8540884,"train/entropy_loss":-3.7685907,"_timestamp":1.7369766691016731e+09,"train/approx_kl":0.014714284,"_step":627,"_runtime":95.3068027,"_wandb":{"runtime":95},"train/loss":0.013592824,"rollout/ep_len_mean":1001,"train/std":0.87099934,"train/clip_range":0.2,"train/value_loss":0.054245815,"train/policy_gradient_loss":-0.010357405}