{"global_step":3000320,"_step":19034,"rollout/ep_len_mean":429.01,"train/clip_fraction":0.09926758,"_wandb":{"runtime":2943},"train/policy_gradient_loss":-0.0015870711,"time/fps":1021,"train/approx_kl":0.005735889,"_runtime":2942.8812527,"train/learning_rate":0.00014006173,"train/entropy_loss":0.47086477,"train/value_loss":1.4994282,"rollout/ep_rew_mean":50.550888,"_timestamp":1.7371316868331635e+09,"train/std":0.2069906,"train/loss":0.4731484,"train/explained_variance":0.95700765,"train/clip_range":0.2}