{"_step":7816,"global_step":1232896,"_timestamp":1.7369692324828315e+09,"_wandb":{"runtime":1049},"train/clip_range":0.2,"train/loss":0.035525013,"train/policy_gradient_loss":0.0063854423,"rollout/ep_rew_mean":-15.854164,"time/fps":1176,"train/approx_kl":0.013863279,"train/explained_variance":0.96107405,"rollout/ep_len_mean":766.99,"train/std":0.18918955,"_runtime":1049.8456922,"train/entropy_loss":0.75815177,"train/value_loss":0.003291959,"train/learning_rate":0.0003,"train/clip_fraction":0.21801758}