{"rollout/ep_len_mean":776.86,"train/learning_rate":0.00031405812,"time/fps":1000,"train/explained_variance":0.9951097,"_timestamp":1.737138157017899e+09,"train/clip_fraction":0.13935547,"_runtime":3003.4027849,"_step":19034,"train/std":0.079782255,"rollout/ep_rew_mean":220.35779,"train/clip_range":0.2,"train/loss":0.10079393,"train/value_loss":0.47138768,"train/approx_kl":0.020210296,"train/entropy_loss":3.3371453,"_wandb":{"runtime":3005},"train/policy_gradient_loss":0.0012559411,"global_step":3000320}