{"rollout/ep_len_mean":470.79,"train/approx_kl":0.028458325,"train/policy_gradient_loss":0.009545923,"train/clip_range":0.2,"train/clip_fraction":0.28642577,"_step":19035,"train/learning_rate":0.0003,"_wandb":{"runtime":2550},"rollout/ep_rew_mean":-10.884511,"train/std":0.09948156,"_timestamp":1.736970783442866e+09,"train/loss":0.02663166,"train/value_loss":0.00083503284,"time/fps":1177,"_runtime":2550.9014492,"global_step":3000320,"train/entropy_loss":2.6861455,"train/explained_variance":0.99679166}