{"train/value_loss":0.061610762,"train/learning_rate":0.009939788,"rollout/ep_rew_mean":-172.17484,"train/explained_variance":0.9214073,"train/clip_fraction":0.28603515,"global_step":100352,"_runtime":69.5278109,"train/clip_range":0.2,"train/approx_kl":0.016803922,"time/fps":1489,"_step":627,"_wandb":{"runtime":69},"train/std":0.8043309,"train/entropy_loss":-3.5699155,"train/loss":0.011538716,"train/policy_gradient_loss":-0.009484411,"rollout/ep_len_mean":1001,"_timestamp":1.7369763622059262e+09}