{"rollout/ep_rew_mean":-39.994816,"train/value_loss":0.11132084,"global_step":3000320,"train/explained_variance":0.98495615,"train/entropy_loss":4.420644,"train/clip_range":0.2,"train/policy_gradient_loss":0.003167659,"_timestamp":1.73713009427716e+09,"train/loss":0.09390965,"train/approx_kl":0.007355059,"train/learning_rate":0.00037043873,"_step":19034,"rollout/ep_len_mean":996.55,"train/std":0.055580035,"train/clip_fraction":0.14921875,"_runtime":3509.3572771,"_wandb":{"runtime":3509},"time/fps":856}