{"train/std":1.0087116,"_runtime":10.1278592,"_timestamp":1.7369764334570286e+09,"train/policy_gradient_loss":-0.0016206809,"train/clip_fraction":0.043261718,"global_step":10240,"train/loss":0.08519995,"train/explained_variance":-1.142879,"train/approx_kl":0.0065661334,"rollout/ep_len_mean":1001,"train/learning_rate":0.002142935,"train/clip_range":0.2,"rollout/ep_rew_mean":-221.2815,"_wandb":{"runtime":10},"_step":54,"train/entropy_loss":-4.284807,"time/fps":1298,"train/value_loss":1.1343118}