{"time/fps":1723,"train/learning_rate":0.0003,"train/clip_fraction":0.046875,"_timestamp":1.7369473643595555e+09,"train/value_loss":0.018745,"_runtime":1742.3838918,"_step":19035,"train/std":0.6672402,"train/clip_range":0.2,"train/approx_kl":0.00419801,"train/entropy_loss":-3.0372057,"rollout/ep_len_mean":956.86,"train/explained_variance":0.9699676,"global_step":3000320,"rollout/ep_rew_mean":-25.769682,"_wandb":{"runtime":1742},"train/loss":0.010346462,"train/policy_gradient_loss":-0.0024052649}