{"_step":19034,"train/clip_range":0.2,"train/clip_fraction":0.07529297,"rollout/ep_rew_mean":72.55285,"global_step":3000320,"_timestamp":1.7370623353533812e+09,"train/entropy_loss":1.0423123,"train/policy_gradient_loss":0.00027197492,"train/learning_rate":0.00011186582,"_wandb":{"runtime":3165},"train/explained_variance":0.97299445,"time/fps":950,"rollout/ep_len_mean":472.87,"train/value_loss":8.114272,"_runtime":3164.0374122,"train/approx_kl":0.0067875236,"train/loss":1.856043,"train/std":0.17217611}