{"train/loss":0.014683826,"train/clip_range":0.2,"_wandb":{"runtime":1789},"train/explained_variance":0.95771736,"_runtime":1789.0534112,"_step":19035,"train/std":0.6854127,"train/entropy_loss":-3.123626,"rollout/ep_len_mean":948.55,"train/clip_fraction":0.09277344,"train/learning_rate":0.0003,"train/policy_gradient_loss":0.00031381537,"rollout/ep_rew_mean":-25.377335,"time/fps":1678,"global_step":3000320,"_timestamp":1.7369548013457546e+09,"train/value_loss":0.03356571,"train/approx_kl":0.007143885}