{"train/std":0.073863395,"train/entropy_loss":3.5674973,"train/clip_range":0.2,"_runtime":2665.133152,"_wandb":{"runtime":2667},"global_step":3000320,"train/approx_kl":0.011149859,"rollout/ep_len_mean":967.34,"train/learning_rate":0.0004261685,"_timestamp":1.7370276163412373e+09,"train/policy_gradient_loss":0.009647105,"time/fps":1126,"train/explained_variance":0.98609,"rollout/ep_rew_mean":-22.779736,"_step":19034,"train/clip_fraction":0.24584961,"train/value_loss":0.0010645483,"train/loss":-0.01121178}