{"train/clip_fraction":0.07314453,"_timestamp":1.7370565165676718e+09,"train/policy_gradient_loss":-0.0041578156,"train/approx_kl":0.0066686985,"train/loss":7.1617093,"_runtime":4603.4969078,"train/entropy_loss":0.87966543,"train/explained_variance":0.93237084,"global_step":5001216,"rollout/ep_rew_mean":63.79568,"time/fps":1086,"_step":31736,"train/value_loss":21.911005,"train/clip_range":0.2,"train/learning_rate":3.7456266e-05,"_wandb":{"runtime":4603},"rollout/ep_len_mean":499.35,"train/std":0.18091805}