{"_step":19035,"time/fps":1241,"train/approx_kl":0.008920219,"_runtime":2419.6492147,"rollout/ep_rew_mean":-22.144388,"train/learning_rate":0.00035712455,"train/loss":0.0016779598,"global_step":3000320,"train/clip_range":0.2,"_timestamp":1.7370326016901855e+09,"train/std":0.18241483,"train/entropy_loss":0.85481215,"train/explained_variance":0.98432577,"train/policy_gradient_loss":0.00014172634,"train/value_loss":0.005930147,"train/clip_fraction":0.1415039,"_wandb":{"runtime":2419},"rollout/ep_len_mean":958.99}