{"_runtime":76.965823,"train/std":0.88903743,"train/loss":0.05334476,"rollout/ep_len_mean":1001,"time/fps":1326,"train/clip_range":0.2,"_step":627,"train/value_loss":0.16145985,"train/clip_fraction":0.099121094,"train/entropy_loss":-3.8979936,"train/explained_variance":0.7855312,"_wandb":{"runtime":76},"train/policy_gradient_loss":-0.0047219186,"global_step":100352,"train/learning_rate":0.0043061213,"rollout/ep_rew_mean":-196.45184,"train/approx_kl":0.0079362225,"_timestamp":1.7369762898707445e+09}