{"_runtime":2966.0739065,"_timestamp":1.7370634969310646e+09,"train/entropy_loss":7.104513,"global_step":3000320,"time/fps":1012,"train/loss":0.052922066,"train/approx_kl":0.009854855,"train/std":0.024876801,"train/value_loss":0.20377904,"train/clip_range":0.2,"rollout/ep_len_mean":1001,"train/policy_gradient_loss":0.002401393,"_wandb":{"runtime":2966},"train/explained_variance":0.89918554,"train/learning_rate":0.0009928624,"_step":19035,"rollout/ep_rew_mean":-63.43246,"train/clip_fraction":0.17719726}