{"train/std":0.7200362,"train/approx_kl":0.00062951416,"time/fps":1732,"train/policy_gradient_loss":0.0012844489,"train/learning_rate":0.0003,"train/loss":0.008781442,"_runtime":1733.7779878,"_timestamp":1.736950117289024e+09,"train/explained_variance":0.7205758,"train/entropy_loss":-3.2718003,"train/clip_range":0.2,"rollout/ep_len_mean":956.22,"train/clip_fraction":0,"train/value_loss":0.013582393,"rollout/ep_rew_mean":-26.439634,"_wandb":{"runtime":1733},"_step":19035,"global_step":3000320}