{"train/clip_range":0.2,"global_step":3000320,"train/explained_variance":0.996357,"_step":19034,"train/approx_kl":0.03911811,"rollout/ep_rew_mean":-17.500998,"train/learning_rate":0.00043674186,"train/std":0.09885011,"train/policy_gradient_loss":0.008163049,"_runtime":2543.734901,"train/clip_fraction":0.28496093,"train/entropy_loss":2.6829612,"_timestamp":1.7370335401339464e+09,"time/fps":1180,"_wandb":{"runtime":2545},"rollout/ep_len_mean":870.31,"train/value_loss":0.0013520577,"train/loss":0.028982094}