{"_runtime":2923.862585,"train/explained_variance":0.9042891,"train/approx_kl":0.005547901,"train/value_loss":4.6470265,"_wandb":{"runtime":2924},"train/clip_fraction":0.051611327,"train/entropy_loss":-0.24530703,"rollout/ep_rew_mean":56.080997,"train/policy_gradient_loss":-0.0023335568,"train/loss":1.9972014,"rollout/ep_len_mean":425.66,"global_step":3000320,"_timestamp":1.7371304161677096e+09,"train/std":0.26327667,"train/learning_rate":0.00012561656,"train/clip_range":0.2,"time/fps":1028,"_step":19034}