{"_wandb":{"runtime":1613},"train/entropy_loss":-4.2324257,"train/loss":2140.56,"rollout/ep_len_mean":1001,"_timestamp":1.7369515151355586e+09,"train/std":0.9925501,"train/learning_rate":0.0003,"train/policy_gradient_loss":-5.4837437e-05,"global_step":3000320,"_step":19035,"time/fps":1861,"train/value_loss":4339.278,"rollout/ep_rew_mean":8635.554,"train/clip_fraction":0,"train/approx_kl":4.735493e-05,"train/explained_variance":5.9604645e-08,"train/clip_range":0.2,"_runtime":1613.2672978}