{"train/value_loss":0.008405453,"train/learning_rate":0.0008487121,"_timestamp":1.7371288621643302e+09,"train/clip_range":0.2,"_step":19034,"train/policy_gradient_loss":0.0027775436,"train/explained_variance":0.97730005,"train/std":0.045723755,"train/approx_kl":0.011167418,"time/fps":988,"train/clip_fraction":0.14008789,"train/entropy_loss":5.126369,"global_step":3000320,"train/loss":0.004998008,"_wandb":{"runtime":3039},"_runtime":3038.9744823,"rollout/ep_len_mean":1001,"rollout/ep_rew_mean":-43.762123}