{"global_step":3000320,"_wandb":{"runtime":3083},"train/value_loss":0.021553576,"train/loss":-0.0018293038,"time/fps":975,"_runtime":3079.6483514,"train/explained_variance":0.9360575,"_step":19034,"train/std":0.10453858,"train/approx_kl":0.019581785,"train/clip_fraction":0.14780274,"rollout/ep_len_mean":1001,"rollout/ep_rew_mean":-41.51762,"train/learning_rate":0.00085387507,"train/clip_range":0.2,"_timestamp":1.7371412456560965e+09,"train/policy_gradient_loss":0.0005871074,"train/entropy_loss":2.6505272}