{"train/approx_kl":0.009530906,"train/explained_variance":0.9668187,"train/std":0.05125193,"global_step":3000320,"train/entropy_loss":4.7310805,"train/clip_fraction":0.10063477,"_runtime":4380.9143546,"rollout/ep_rew_mean":-37.68799,"train/value_loss":0.08003319,"_wandb":{"runtime":4380},"_step":19035,"train/learning_rate":0.00032757624,"train/loss":0.0047933124,"train/policy_gradient_loss":0.001131719,"rollout/ep_len_mean":1001,"train/clip_range":0.2,"time/fps":685,"_timestamp":1.7371252464865572e+09}