{"train/loss":0.0056836354,"train/clip_range":0.2,"rollout/ep_len_mean":1001,"train/value_loss":0.030593174,"train/learning_rate":0.00051165227,"train/clip_fraction":0.22983399,"train/approx_kl":0.14868283,"_wandb":{"runtime":3250},"train/entropy_loss":3.5012894,"train/explained_variance":0.9709912,"train/policy_gradient_loss":0.0023214906,"_runtime":3249.2362138,"rollout/ep_rew_mean":-34.98608,"_step":19034,"train/std":0.076597996,"time/fps":924,"_timestamp":1.7371423419817286e+09,"global_step":3000320}