{"rollout/ep_rew_mean":-36.130596,"train/approx_kl":0.009389234,"train/entropy_loss":5.311075,"train/value_loss":0.010486297,"train/clip_fraction":0.12841797,"_timestamp":1.7371240162330942e+09,"_runtime":3525.7350078,"rollout/ep_len_mean":1001,"train/clip_range":0.2,"_wandb":{"runtime":3525},"train/std":0.045508713,"global_step":3000320,"time/fps":852,"train/loss":0.001857924,"train/explained_variance":0.9849222,"train/policy_gradient_loss":0.0015926559,"train/learning_rate":0.0009076132,"_step":19034}