{"rollout/ep_rew_mean":-40.609657,"train/approx_kl":0.005220112,"train/clip_fraction":0.1459961,"train/std":0.036673192,"train/clip_range":0.2,"time/fps":961,"train/policy_gradient_loss":0.0061862096,"train/learning_rate":0.0008833823,"_timestamp":1.7371394288765688e+09,"train/explained_variance":0.9851901,"train/value_loss":0.020475492,"train/loss":-0.0067181643,"train/entropy_loss":5.7345057,"_runtime":3124.288549,"rollout/ep_len_mean":1001,"_wandb":{"runtime":3125},"_step":19034,"global_step":3000320}