{"global_step":3000320,"train/learning_rate":0.00024135826,"train/loss":20.489487,"rollout/ep_len_mean":642.19,"train/value_loss":58.671673,"train/entropy_loss":2.678619,"train/approx_kl":0.014979948,"_timestamp":1.7371438811862504e+09,"time/fps":1142,"train/clip_range":0.2,"_runtime":2631.5247994,"train/clip_fraction":0.20014648,"train/policy_gradient_loss":-0.0052594924,"_wandb":{"runtime":2631},"_step":19035,"rollout/ep_rew_mean":203.26555,"train/explained_variance":0.69775116,"train/std":0.09929486}