{"train/std":0.18103063,"rollout/ep_len_mean":527.23,"train/explained_variance":0.93522966,"train/loss":0.6635443,"_timestamp":1.7371213269500103e+09,"train/entropy_loss":0.8698098,"rollout/ep_rew_mean":54.26078,"train/value_loss":1.4611675,"train/clip_range":0.2,"time/fps":1057,"train/approx_kl":0.005202483,"train/learning_rate":0.00015956709,"train/policy_gradient_loss":0.00027449252,"_wandb":{"runtime":2843},"train/clip_fraction":0.040625,"_runtime":2843.6313378,"_step":19034,"global_step":3000320}