{"train/entropy_loss":-4.268611,"train/value_loss":0.19628613,"train/approx_kl":0.008235842,"train/clip_range":0.2,"time/fps":974,"_timestamp":1.7369764197446737e+09,"train/clip_fraction":0.13857421,"train/std":1.0041927,"rollout/ep_rew_mean":-228.65425,"rollout/ep_len_mean":1001,"global_step":10240,"_wandb":{"runtime":14},"_step":55,"train/explained_variance":0.81071764,"_runtime":14.3240194,"train/learning_rate":0.0077234674,"train/policy_gradient_loss":-0.00106959,"train/loss":0.064043365}