{"global_step":3000320,"rollout/ep_rew_mean":-22.94336,"train/loss":-0.004842376,"train/entropy_loss":1.2726485,"train/approx_kl":0.009076546,"_wandb":{"runtime":2830},"_step":19034,"train/explained_variance":0.9926064,"_timestamp":1.737135477552334e+09,"train/clip_fraction":0.114794925,"train/learning_rate":0.00042339088,"_runtime":2828.0109771,"train/policy_gradient_loss":-0.0011762017,"rollout/ep_len_mean":991.96,"train/clip_range":0.2,"time/fps":1061,"train/value_loss":0.004153822,"train/std":0.16048342}