{"train/clip_fraction":0.16127929,"rollout/ep_len_mean":1001,"_wandb":{"runtime":3522},"rollout/ep_rew_mean":-32.774864,"train/value_loss":0.18080781,"train/learning_rate":0.0006385283,"train/std":0.039833937,"train/entropy_loss":5.4473624,"_timestamp":1.73706288549969e+09,"global_step":3000320,"train/clip_range":0.2,"train/explained_variance":0.95462155,"time/fps":852,"train/policy_gradient_loss":-1.4734717e-06,"_step":19034,"_runtime":3519.5123404,"train/loss":0.054784987,"train/approx_kl":0.012471593}