{"_timestamp":1.7370639075039816e+09,"rollout/ep_len_mean":1001,"train/learning_rate":0.0007269101,"train/std":0.049968224,"train/clip_range":0.2,"train/clip_fraction":0.24975586,"_step":19034,"_runtime":2935.4590697,"train/approx_kl":0.018527064,"train/value_loss":0.019483496,"train/explained_variance":0.96691585,"time/fps":1023,"train/entropy_loss":4.8278656,"train/loss":0.022178123,"global_step":3000320,"rollout/ep_rew_mean":-37.954453,"train/policy_gradient_loss":0.014830387,"_wandb":{"runtime":2935}}