{"train/clip_range":0.2,"_step":19035,"time/fps":920,"train/learning_rate":0.0005786534,"train/loss":0.018858226,"_runtime":3264.8303353,"rollout/ep_rew_mean":-18.492512,"train/value_loss":0.016345115,"_wandb":{"runtime":3264},"train/clip_fraction":0.16523437,"global_step":3000320,"train/policy_gradient_loss":0.003532914,"_timestamp":1.7370450077125614e+09,"rollout/ep_len_mean":986.78,"train/explained_variance":0.9587152,"train/std":0.06599956,"train/approx_kl":0.012818234,"train/entropy_loss":3.9515316}