{"rollout/ep_rew_mean":-44.230095,"rollout/ep_len_mean":1001,"_runtime":4248.194623,"_timestamp":1.7371369503772173e+09,"train/std":0.043634385,"global_step":3000320,"train/policy_gradient_loss":-0.0013589307,"_step":19034,"train/approx_kl":0.010212714,"_wandb":{"runtime":4250},"train/clip_range":0.2,"train/clip_fraction":0.13740234,"train/loss":-0.0049576745,"train/explained_variance":0.99519914,"time/fps":707,"train/value_loss":0.0024737064,"train/entropy_loss":5.4603996,"train/learning_rate":0.00065290544}