{"_step":19034,"train/value_loss":0.49679148,"train/learning_rate":0.00010959697,"train/explained_variance":0.962524,"_timestamp":1.7371355378361106e+09,"_runtime":3088.5690814,"train/clip_fraction":0.095898435,"train/approx_kl":0.0071085896,"time/fps":972,"rollout/ep_rew_mean":105.20618,"rollout/ep_len_mean":464.5,"train/entropy_loss":1.2421502,"global_step":3000320,"train/loss":0.15992759,"_wandb":{"runtime":3093},"train/policy_gradient_loss":0.0024275477,"train/std":0.16065085,"train/clip_range":0.2}