{"_runtime":3256.9221191,"train/loss":0.0043428447,"train/learning_rate":0.0007352564,"train/clip_fraction":0.29638672,"rollout/ep_rew_mean":-16.010124,"train/policy_gradient_loss":0.019784285,"train/clip_range":0.2,"train/value_loss":0.00074633927,"_timestamp":1.7369874949596388e+09,"train/approx_kl":0.012109777,"time/fps":922,"_step":19035,"train/entropy_loss":4.4966693,"_wandb":{"runtime":3256},"train/std":0.054472983,"global_step":3000320,"train/explained_variance":0.9964541,"rollout/ep_len_mean":883.64}