{"_timestamp":1.7369885645610936e+09,"train/policy_gradient_loss":0.0050060353,"_runtime":2870.0533318,"_wandb":{"runtime":2870},"_step":19035,"train/clip_range":0.2,"train/loss":0.020210743,"rollout/ep_rew_mean":-17.169296,"train/std":0.082480125,"rollout/ep_len_mean":809.39,"train/clip_fraction":0.28862303,"train/approx_kl":0.017348044,"global_step":3000320,"time/fps":1046,"train/entropy_loss":3.2415915,"train/explained_variance":0.9851573,"train/value_loss":0.0035890182,"train/learning_rate":0.00069944456}