{"train/entropy_loss":-0.8263414,"train/policy_gradient_loss":-0.00554369,"_wandb":{"runtime":2663},"rollout/ep_len_mean":865.1,"global_step":3000320,"_step":19034,"_timestamp":1.7369830760309227e+09,"rollout/ep_rew_mean":-19.727234,"train/clip_range":0.2,"train/std":0.31926024,"train/explained_variance":0.9730497,"time/fps":1127,"train/value_loss":0.014807594,"train/loss":-0.0007145656,"train/approx_kl":0.005884394,"train/clip_fraction":0.074316405,"train/learning_rate":0.00017683722,"_runtime":2662.4104576}