{"train/clip_range":0.2,"train/learning_rate":0.0007956654,"train/std":0.044203907,"_step":19035,"rollout/ep_rew_mean":-44.0046,"train/policy_gradient_loss":0.008082597,"rollout/ep_len_mean":1001,"_timestamp":1.737060526693217e+09,"time/fps":989,"train/loss":0.007956637,"train/entropy_loss":5.1360517,"train/clip_fraction":0.15180664,"global_step":3000320,"train/explained_variance":0.9962463,"_runtime":3037.9344713,"train/approx_kl":0.011925742,"train/value_loss":0.004202051,"_wandb":{"runtime":3037}}