{"_timestamp":1.7367625989192028e+09,"_wandb":{"runtime":418},"train/value_loss":0.011998921,"train/explained_variance":0.8765232,"train/entropy_loss":-2.095494,"train/approx_kl":0.012041929,"_runtime":418.5688131,"rollout/ep_len_mean":903.21,"_step":3162,"train/clip_range":0.2,"global_step":499712,"train/loss":0.008588132,"rollout/ep_rew_mean":-21.231445,"train/std":0.48853597,"time/fps":1200,"train/learning_rate":0.0003,"train/policy_gradient_loss":-0.0009291374,"train/clip_fraction":0.1440918}