{"train/entropy_loss":1.7635609,"train/learning_rate":0.0001082422,"time/fps":1604,"train/explained_variance":0.9008102,"global_step":5001216,"_wandb":{"runtime":3120},"train/value_loss":28.514217,"_step":31736,"train/loss":12.566801,"train/policy_gradient_loss":-0.010414527,"_timestamp":1.7370689394258184e+09,"_runtime":3120.6148079,"train/clip_range":0.2,"train/std":0.13513894,"rollout/ep_rew_mean":162.25417,"rollout/ep_len_mean":588.16,"train/approx_kl":0.012648493,"train/clip_fraction":0.13325195}