{"train/entropy_loss":5.819223,"train/loss":0.008042144,"_step":19035,"train/std":0.036687955,"global_step":3000320,"_timestamp":1.7371221574101999e+09,"train/learning_rate":0.0006402065,"train/value_loss":0.014644577,"rollout/ep_len_mean":1001,"train/explained_variance":0.9604895,"_wandb":{"runtime":2991},"train/approx_kl":0.011823032,"_runtime":2991.1213126,"time/fps":1004,"rollout/ep_rew_mean":-49.509132,"train/policy_gradient_loss":0.0026414355,"train/clip_range":0.2,"train/clip_fraction":0.09946289}