{"train/policy_gradient_loss":0.0006329909,"_step":18202,"time/fps":1094,"_runtime":2622.5842089,"train/explained_variance":0.91513324,"rollout/ep_len_mean":281.81,"train/learning_rate":3.7456266e-05,"train/loss":11.718948,"_timestamp":1.7370485617335103e+09,"train/clip_range":0.2,"global_step":2869248,"train/clip_fraction":0.0484375,"train/entropy_loss":0.5993051,"rollout/ep_rew_mean":58.093254,"train/std":0.1982783,"_wandb":{"runtime":2622},"train/value_loss":24.378036,"train/approx_kl":0.006339659}