{"train/std":0.07235283,"train/explained_variance":0.92075044,"_step":19034,"train/approx_kl":0.02442924,"train/clip_fraction":0.26489258,"_runtime":4481.8189105,"rollout/ep_len_mean":678.45,"rollout/ep_rew_mean":254.50024,"train/value_loss":8.292416,"_timestamp":1.737125815119442e+09,"train/clip_range":0.2,"train/policy_gradient_loss":0.014539527,"train/loss":5.940956,"train/entropy_loss":3.6391742,"train/learning_rate":7.950601e-05,"global_step":3000320,"time/fps":669,"_wandb":{"runtime":4487}}