{"train/explained_variance":0.9034859,"train/loss":22.51405,"rollout/ep_rew_mean":75.19211,"global_step":3000320,"train/policy_gradient_loss":-0.00010016006,"_wandb":{"runtime":3171},"_timestamp":1.7371297327718005e+09,"train/learning_rate":0.00010558977,"rollout/ep_len_mean":465.1,"train/approx_kl":0.0070027364,"_step":19034,"train/std":0.16134264,"train/clip_fraction":0.08344726,"train/clip_range":0.2,"train/entropy_loss":1.2175598,"_runtime":3169.9550279,"time/fps":948,"train/value_loss":40.416748}