{"train/clip_fraction":0.10336914,"train/policy_gradient_loss":-0.0029770976,"_timestamp":1.7370546945614123e+09,"train/loss":0.011199248,"train/clip_range":0.2,"time/fps":1136,"_step":19034,"rollout/ep_rew_mean":-26.45693,"train/std":0.061186057,"train/learning_rate":0.0003886209,"_wandb":{"runtime":2644},"train/value_loss":0.010527144,"_runtime":2643.9225336,"global_step":3000320,"train/explained_variance":0.94354725,"train/entropy_loss":4.155502,"rollout/ep_len_mean":1001,"train/approx_kl":0.012152179}