{"rollout/ep_rew_mean":-191.31827,"train/policy_gradient_loss":-0.0011747224,"rollout/ep_len_mean":1001,"train/explained_variance":0.6294536,"_wandb":{"runtime":11},"_step":54,"_timestamp":1.7369764654797847e+09,"train/loss":0.023323406,"train/clip_fraction":0.10546875,"_runtime":10.7211573,"global_step":10240,"train/value_loss":0.18388051,"train/entropy_loss":-4.1463733,"train/learning_rate":0.005842962,"train/std":0.962717,"time/fps":1087,"train/approx_kl":0.009523627,"train/clip_range":0.2}