{"train/entropy_loss":-2.2353115,"train/policy_gradient_loss":0.0018857156,"train/clip_fraction":0.027832031,"_wandb":{"runtime":2502},"_timestamp":1.7369327334724684e+09,"train/explained_variance":0.91261315,"_runtime":2502.5210354,"train/clip_range":0.2,"_step":25392,"rollout/ep_len_mean":826.95,"train/value_loss":0.035200045,"global_step":4001792,"train/loss":0.018477801,"time/fps":1600,"train/learning_rate":0.0004,"rollout/ep_rew_mean":-18.434793,"train/approx_kl":0.002820422,"train/std":0.509883}