{"rollout/ep_len_mean":590.99,"_step":19034,"rollout/ep_rew_mean":270.48492,"train/loss":33.74074,"train/explained_variance":0.3173077,"_wandb":{"runtime":2138},"train/value_loss":90.90091,"train/entropy_loss":3.8264532,"_runtime":2137.2890513,"train/learning_rate":0.00045473978,"train/approx_kl":0.031601444,"train/std":0.067516945,"_timestamp":1.737144484253604e+09,"global_step":3000320,"time/fps":1406,"train/clip_fraction":0.2140625,"train/clip_range":0.2,"train/policy_gradient_loss":0.0037506565}