{"time/fps":1129,"train/std":0.060919855,"train/loss":0.016898843,"rollout/ep_rew_mean":-12.653931,"_runtime":2658.7551903,"_step":19034,"train/clip_range":0.2,"train/entropy_loss":4.1511025,"train/value_loss":0.012175767,"train/clip_fraction":0.2866211,"train/explained_variance":0.9935652,"_wandb":{"runtime":2659},"rollout/ep_len_mean":631.45,"_timestamp":1.7370276158332982e+09,"train/policy_gradient_loss":0.005258684,"train/learning_rate":0.0006736117,"train/approx_kl":0.018366506,"global_step":3000320}