{"_step":12691,"_wandb":{"runtime":1077},"time/fps":1858,"train/explained_variance":0.84228194,"train/loss":0.061302617,"train/policy_gradient_loss":-0.0016303463,"train/value_loss":0.069287166,"train/learning_rate":0.0003,"train/entropy_loss":-3.7236974,"train/clip_range":0.2,"rollout/ep_len_mean":998.96,"train/clip_fraction":0.095703125,"global_step":2000896,"rollout/ep_rew_mean":-31.297272,"train/std":0.83777905,"train/approx_kl":0.007015543,"_timestamp":1.7369427912927122e+09,"_runtime":1077.9740525}