{"train/policy_gradient_loss":0.0082824,"rollout/ep_len_mean":1001,"train/clip_fraction":0.15800782,"train/learning_rate":0.0008395873,"time/fps":1049,"train/clip_range":0.2,"_timestamp":1.7371184819425952e+09,"global_step":3000320,"_wandb":{"runtime":2864},"_step":19034,"train/std":0.065017544,"train/loss":0.006889728,"rollout/ep_rew_mean":-34.5612,"train/value_loss":0.024396835,"_runtime":2863.7727856,"train/explained_variance":0.935693,"train/entropy_loss":4.134576,"train/approx_kl":0.017354447}