{"train/value_loss":0.0067986045,"train/policy_gradient_loss":0.0011823319,"train/entropy_loss":4.7752647,"rollout/ep_len_mean":1001,"time/fps":700,"_wandb":{"runtime":4284},"train/approx_kl":0.009933129,"train/explained_variance":0.9538796,"_runtime":4284.9814198,"train/clip_range":0.2,"train/loss":-0.0065566553,"train/clip_fraction":0.110888675,"train/learning_rate":0.0005614678,"train/std":0.050284665,"_timestamp":1.7371343821651552e+09,"global_step":3000320,"_step":19035,"rollout/ep_rew_mean":-81.1709}