{"_timestamp":1.7371419614778993e+09,"rollout/ep_rew_mean":255.03357,"train/approx_kl":0.021529574,"rollout/ep_len_mean":588.23,"train/clip_fraction":0.24873047,"train/std":0.07833792,"train/clip_range":0.2,"time/fps":635,"_wandb":{"runtime":4732},"train/explained_variance":0.9778853,"train/loss":5.0665965,"train/learning_rate":7.087511e-05,"train/entropy_loss":3.413882,"train/policy_gradient_loss":0.0041871774,"_runtime":4727.8363092,"train/value_loss":29.67056,"_step":19034,"global_step":3000320}