{"train/entropy_loss":2.3651836,"train/clip_range":0.2,"_runtime":2507.907904,"train/std":0.10992999,"_wandb":{"runtime":2508},"global_step":3000320,"train/value_loss":0.0017551711,"rollout/ep_len_mean":989.5,"train/learning_rate":0.0003,"train/explained_variance":0.9958042,"_timestamp":1.7369707898596203e+09,"train/approx_kl":0.015945591,"_step":19034,"rollout/ep_rew_mean":-17.102356,"train/loss":0.029180434,"train/policy_gradient_loss":0.005186114,"time/fps":1197,"train/clip_fraction":0.16606446}