{"rollout/ep_len_mean":1001,"rollout/ep_rew_mean":-129.4374,"train/approx_kl":0.008917701,"_step":627,"time/fps":1215,"train/std":0.81482863,"_runtime":84.7133435,"train/policy_gradient_loss":-0.0034163874,"train/explained_variance":0.9306582,"train/loss":0.055169,"train/clip_fraction":0.09692383,"_timestamp":1.7369749460019634e+09,"train/entropy_loss":-3.6181786,"_wandb":{"runtime":84},"train/value_loss":0.06033453,"train/learning_rate":0.0029149347,"global_step":100352,"train/clip_range":0.2}