{"rollout/ep_len_mean":1001,"train/loss":0.040627044,"train/std":0.99924374,"rollout/ep_rew_mean":-233.072,"global_step":10240,"train/approx_kl":0.007726214,"_runtime":14.592475,"train/clip_range":0.2,"train/value_loss":0.9679697,"_step":55,"_timestamp":1.7369764517728355e+09,"train/learning_rate":0.0023052797,"_wandb":{"runtime":14},"train/policy_gradient_loss":-0.0030511448,"train/entropy_loss":-4.250587,"train/clip_fraction":0.06254883,"time/fps":955,"train/explained_variance":0.3524071}