{"rollout/ep_rew_mean":257.60428,"train/clip_range":0.2,"rollout/ep_len_mean":508.07,"train/explained_variance":0.9537548,"train/learning_rate":0.00017102166,"train/clip_fraction":0.24711914,"train/loss":6.5112658,"_runtime":3183.5186344,"_wandb":{"runtime":3189},"train/policy_gradient_loss":-0.0009827858,"train/value_loss":28.41796,"global_step":3000320,"train/std":0.08430339,"_timestamp":1.737126578029564e+09,"time/fps":942,"_step":19034,"train/approx_kl":0.023611363,"train/entropy_loss":3.1657803}