{"train/approx_kl":0.003780099,"rollout/ep_len_mean":636.89,"train/explained_variance":0.60292184,"train/std":0.47956666,"_runtime":2685.8254391,"train/value_loss":2.3435483,"_wandb":{"runtime":2685},"train/clip_fraction":0.027832031,"train/learning_rate":7.9542326e-05,"train/policy_gradient_loss":-0.002930571,"train/entropy_loss":-2.0405324,"train/clip_range":0.2,"global_step":3000320,"train/loss":1.0108397,"_timestamp":1.7370650273294234e+09,"time/fps":1118,"rollout/ep_rew_mean":34.049015,"_step":19035}