{"train/approx_kl":0.010110983,"rollout/ep_len_mean":993.34,"_timestamp":1.737120201541169e+09,"_step":19034,"_runtime":2779.8516341,"train/entropy_loss":4.2627816,"train/std":0.058625806,"train/learning_rate":0.0009825282,"train/value_loss":0.014132775,"train/clip_fraction":0.10439453,"global_step":3000320,"_wandb":{"runtime":2780},"train/clip_range":0.2,"train/policy_gradient_loss":0.001172952,"train/loss":0.010503373,"train/explained_variance":0.9671193,"rollout/ep_rew_mean":-28.690693,"time/fps":1080}