{"_runtime":2582.8315336,"rollout/ep_rew_mean":-18.728218,"train/clip_fraction":0.33378905,"train/policy_gradient_loss":0.003121783,"_wandb":{"runtime":2582},"rollout/ep_len_mean":931.67,"train/approx_kl":0.032444276,"_timestamp":1.7370302028269875e+09,"global_step":3000320,"train/value_loss":0.0024354653,"train/explained_variance":0.9959726,"_step":19035,"train/entropy_loss":4.062877,"train/loss":0.019776087,"time/fps":1163,"train/std":0.062871285,"train/clip_range":0.2,"train/learning_rate":0.0008144966}