{"train/clip_range":0.2,"train/std":0.69922894,"train/approx_kl":0.0055885874,"_step":19035,"train/learning_rate":0.0003,"rollout/ep_rew_mean":-24.092972,"_timestamp":1.7369546366997364e+09,"rollout/ep_len_mean":962.16,"train/entropy_loss":-3.1834087,"time/fps":1689,"train/policy_gradient_loss":0.001045679,"train/loss":0.04330046,"_runtime":1777.3389702,"train/clip_fraction":0.07714844,"train/value_loss":0.032263912,"global_step":3000320,"train/explained_variance":0.8871226,"_wandb":{"runtime":1777}}