{"train/std":0.056785304,"global_step":3000320,"_wandb":{"runtime":4290},"time/fps":700,"train/value_loss":0.0028985282,"train/policy_gradient_loss":0.0021932567,"train/approx_kl":0.012184536,"rollout/ep_len_mean":1001,"rollout/ep_rew_mean":-44.36205,"train/explained_variance":0.98882324,"_runtime":4290.5339189,"train/loss":0.028994726,"train/learning_rate":0.00029268308,"train/entropy_loss":4.8181167,"_step":19035,"train/clip_range":0.2,"train/clip_fraction":0.15668945,"_timestamp":1.7371197703563304e+09}