{"rollout/ep_rew_mean":-12.302745,"_wandb":{"runtime":12387},"train/explained_variance":0.9952047,"_timestamp":1.736967602249981e+09,"global_step":1251328,"time/fps":101,"_runtime":12387.7747118,"train/clip_fraction":0.24111328,"train/loss":0.00010744145,"rollout/ep_len_mean":444.62,"train/learning_rate":0.0003,"_step":7933,"train/approx_kl":0.014513604,"train/std":0.21073468,"train/clip_range":0.2,"train/value_loss":0.004987849,"train/policy_gradient_loss":0.0025467132,"train/entropy_loss":0.4304046}