{"train/learning_rate":0.0005643487,"_timestamp":1.7370326577041395e+09,"time/fps":1144,"train/explained_variance":0.99664515,"train/loss":0.0033248938,"_step":19035,"train/policy_gradient_loss":0.0034632466,"train/value_loss":0.0069833826,"_wandb":{"runtime":2626},"train/entropy_loss":3.0309086,"_runtime":2626.8850361,"train/clip_fraction":0.20117188,"global_step":3000320,"rollout/ep_rew_mean":-16.544153,"train/clip_range":0.2,"rollout/ep_len_mean":878.71,"train/approx_kl":0.014681796,"train/std":0.0892525}