{"_wandb":{"runtime":1549},"train/explained_variance":0.09843242,"train/learning_rate":0.0003,"_step":19035,"train/approx_kl":0.0040725004,"train/loss":6.944471,"rollout/ep_rew_mean":77.746506,"train/std":0.5923762,"global_step":3000320,"_runtime":1549.8483089,"rollout/ep_len_mean":852.76,"_timestamp":1.7367730429564853e+09,"train/clip_fraction":0.038085938,"train/entropy_loss":-2.6591325,"train/clip_range":0.2,"train/policy_gradient_loss":-0.00027514785,"time/fps":1937,"train/value_loss":18.834345}