{"train/policy_gradient_loss":-0.005634873,"time/fps":761,"train/clip_range":0.2,"_timestamp":1.7369917518531415e+09,"rollout/ep_rew_mean":-20.382402,"train/entropy_loss":-0.10104508,"rollout/ep_len_mean":850.79,"global_step":3000320,"train/value_loss":0.007319781,"train/explained_variance":0.98712575,"train/loss":0.00013122382,"_step":19034,"_wandb":{"runtime":3947},"train/learning_rate":0.00023704885,"_runtime":3944.5424349,"train/std":0.25214303,"train/approx_kl":0.008725028,"train/clip_fraction":0.08491211}