{"train/std":0.08865016,"train/value_loss":26.89892,"train/learning_rate":0.00010406204,"train/policy_gradient_loss":-0.0039138747,"time/fps":955,"_runtime":3146.9222728,"global_step":3000320,"train/explained_variance":0.795712,"train/clip_range":0.2,"_timestamp":1.737117414214066e+09,"_wandb":{"runtime":3148},"rollout/ep_rew_mean":313.9028,"train/clip_fraction":0.27319336,"train/approx_kl":0.026691139,"train/loss":10.483809,"train/entropy_loss":3.009854,"rollout/ep_len_mean":662.36,"_step":19034}