{"_timestamp":1.7369469314058206e+09,"train/std":0.68792313,"train/learning_rate":0.0003,"train/loss":0.013084154,"global_step":3000320,"train/value_loss":0.023328608,"_wandb":{"runtime":1753},"train/policy_gradient_loss":0.0017381392,"train/approx_kl":0.0038211914,"time/fps":1713,"_runtime":1753.0846093,"train/clip_fraction":0.04345703,"train/clip_range":0.2,"rollout/ep_len_mean":912.55,"rollout/ep_rew_mean":-25.042809,"train/entropy_loss":-3.1246777,"train/explained_variance":0.884361,"_step":19035}