{"_wandb":{"runtime":106},"global_step":100352,"train/entropy_loss":-3.4398112,"_step":627,"train/loss":0.00639226,"train/value_loss":0.03046398,"rollout/ep_len_mean":1001,"train/clip_range":0.2,"rollout/ep_rew_mean":-162.2422,"train/approx_kl":0.013252453,"train/learning_rate":0.008272981,"_timestamp":1.736976471198207e+09,"_runtime":106.9289932,"time/fps":955,"train/clip_fraction":0.17919922,"train/policy_gradient_loss":-0.003279168,"train/std":0.76847166,"train/explained_variance":0.85021585}