{"_wandb":{"runtime":3014},"_timestamp":1.7371173094351451e+09,"global_step":3000320,"train/approx_kl":0.0019571222,"train/learning_rate":1.2148663e-05,"train/policy_gradient_loss":-0.0012750111,"train/explained_variance":0.51275456,"_step":19035,"rollout/ep_rew_mean":-44.60731,"_runtime":3014.3940104,"time/fps":996,"train/clip_range":0.2,"train/value_loss":0.088888496,"train/clip_fraction":0.00029296876,"train/entropy_loss":-4.1289654,"rollout/ep_len_mean":1001,"train/loss":0.04000827,"train/std":0.9583252}