{"train/clip_range":0.2,"train/entropy_loss":-3.1758633,"train/policy_gradient_loss":-8.180851e-05,"_wandb":{"runtime":1630},"global_step":3000320,"_step":19035,"train/std":0.6978529,"train/clip_fraction":0.018066406,"time/fps":1842,"train/value_loss":0.08696252,"rollout/ep_rew_mean":-24.22294,"train/approx_kl":0.0024734964,"train/learning_rate":0.0003,"_runtime":1630.1896634,"_timestamp":1.736951932391634e+09,"train/explained_variance":0.7109715,"rollout/ep_len_mean":932.47,"train/loss":0.0056956057}