{"global_step":3000320,"time/fps":706,"_wandb":{"runtime":4249},"_timestamp":1.736991936619394e+09,"train/loss":0.0018408797,"train/entropy_loss":-1.0851736,"rollout/ep_rew_mean":-15.289614,"_runtime":4249.3518435,"train/approx_kl":0.007774758,"train/value_loss":0.017480955,"train/clip_range":0.2,"train/learning_rate":8.837104e-05,"train/policy_gradient_loss":-0.0048768,"_step":19034,"rollout/ep_len_mean":688.76,"train/clip_fraction":0.07944336,"train/explained_variance":0.95271534,"train/std":0.3476064}