{"train/std":0.65872127,"time/fps":1868,"train/explained_variance":0.38659978,"train/clip_range":0.2,"_runtime":1606.8998608,"train/policy_gradient_loss":-0.002086497,"_wandb":{"runtime":1606},"train/entropy_loss":-2.9939985,"train/loss":0.0030498328,"_timestamp":1.736952944434546e+09,"train/value_loss":0.014257231,"_step":19035,"global_step":3000320,"rollout/ep_len_mean":912.75,"train/learning_rate":0.0003,"train/clip_fraction":0.107421875,"train/approx_kl":0.007230487,"rollout/ep_rew_mean":-22.37396}