{"rollout/ep_len_mean":1001,"train/clip_fraction":0.22304687,"train/entropy_loss":3.1325738,"train/std":0.09363842,"_runtime":2912.477663,"_step":19035,"_wandb":{"runtime":2912},"train/explained_variance":0.98432034,"time/fps":1031,"train/approx_kl":0.023715392,"_timestamp":1.7371261898003526e+09,"train/value_loss":0.03476159,"train/loss":0.025615152,"train/policy_gradient_loss":0.012349148,"rollout/ep_rew_mean":-29.359112,"global_step":3000320,"train/learning_rate":0.0006629942,"train/clip_range":0.2}