{"_step":19034,"train/loss":0.0036022738,"train/value_loss":0.000873469,"train/entropy_loss":3.8897493,"train/clip_range":0.2,"train/approx_kl":0.016810562,"train/policy_gradient_loss":0.019453052,"_runtime":2733.4608439,"time/fps":1099,"train/explained_variance":0.9716952,"rollout/ep_len_mean":846.02,"train/learning_rate":0.0008902804,"train/std":0.067450516,"rollout/ep_rew_mean":-15.981024,"global_step":3000320,"_timestamp":1.736979457022565e+09,"train/clip_fraction":0.3404785,"_wandb":{"runtime":2734}}