{"train/value_loss":0.034534495,"_runtime":2613.4669482,"train/explained_variance":0.91135365,"rollout/ep_len_mean":837.95,"_timestamp":1.7369856925754385e+09,"train/policy_gradient_loss":-0.004264124,"_wandb":{"runtime":2613},"train/clip_fraction":0.107470706,"rollout/ep_rew_mean":-19.73805,"_step":19035,"train/learning_rate":0.0002542021,"time/fps":1149,"train/approx_kl":0.010830869,"global_step":3000320,"train/std":0.3032528,"train/clip_range":0.2,"train/entropy_loss":-0.63773894,"train/loss":0.02380906}