{"train/learning_rate":0.0003,"train/clip_range":0.2,"train/entropy_loss":-3.0196161,"train/clip_fraction":0.048828125,"time/fps":1699,"_timestamp":1.7369470500011625e+09,"train/value_loss":0.04217086,"train/explained_variance":-4.4539995,"train/loss":0.017964423,"_wandb":{"runtime":1766},"train/std":0.6631317,"rollout/ep_rew_mean":-26.247267,"_runtime":1766.8294358,"train/approx_kl":0.0041242,"global_step":3000320,"rollout/ep_len_mean":951.01,"_step":19035,"train/policy_gradient_loss":0.0023455378}