{"train/clip_fraction":0.25732422,"_timestamp":1.736980403457557e+09,"_step":19035,"train/entropy_loss":3.8939018,"_runtime":3547.6655027,"train/loss":0.0018928845,"train/std":0.06542918,"time/fps":846,"train/value_loss":0.0018527447,"train/learning_rate":0.00086062663,"rollout/ep_len_mean":988.45,"train/explained_variance":0.9930065,"_wandb":{"runtime":3547},"rollout/ep_rew_mean":-23.94428,"global_step":3000320,"train/clip_range":0.2,"train/approx_kl":0.024085125,"train/policy_gradient_loss":0.0032496967}