{"train/entropy_loss":0.8033642,"_step":19034,"_wandb":{"runtime":3361},"train/policy_gradient_loss":0.00081248773,"rollout/ep_len_mean":376.31,"time/fps":894,"rollout/ep_rew_mean":48.786816,"global_step":3000320,"_timestamp":1.7370452954691987e+09,"train/loss":6.5068665,"train/approx_kl":0.0054203537,"train/learning_rate":3.7456266e-05,"train/clip_range":0.2,"train/value_loss":15.846861,"train/explained_variance":0.88825464,"train/clip_fraction":0.064404294,"_runtime":3360.3044884,"train/std":0.18527268}