{"_step":7816,"train/clip_fraction":0.1998047,"train/policy_gradient_loss":0.0057393345,"train/approx_kl":0.011202182,"train/loss":-0.002804833,"train/explained_variance":0.9901231,"train/value_loss":0.0035839856,"train/entropy_loss":0.41091195,"train/std":0.21251965,"global_step":1232896,"rollout/ep_rew_mean":-10.838308,"_runtime":12338.0733266,"train/clip_range":0.2,"rollout/ep_len_mean":398.02,"train/learning_rate":0.0003,"_wandb":{"runtime":12338},"time/fps":99,"_timestamp":1.7369677813292751e+09}