{"train/entropy_loss":2.3014374,"train/policy_gradient_loss":0.00053235475,"train/value_loss":0.011845824,"rollout/ep_rew_mean":-13.755671,"_wandb":{"runtime":4086},"_runtime":4083.7052934,"train/clip_fraction":0.28286132,"train/approx_kl":0.03193068,"rollout/ep_len_mean":731.28,"time/fps":735,"global_step":3000320,"train/loss":0.03585603,"train/explained_variance":0.98049015,"train/std":0.11212966,"_timestamp":1.7369915832606058e+09,"_step":19034,"train/learning_rate":0.00038436867,"train/clip_range":0.2}