{"_timestamp":1.7371287428442776e+09,"train/value_loss":4.679691,"train/learning_rate":0.00060148345,"train/policy_gradient_loss":-0.0030517532,"_wandb":{"runtime":3492},"train/approx_kl":0.012116216,"train/loss":3.24147,"train/clip_fraction":0.175,"_step":19034,"train/entropy_loss":4.3531556,"rollout/ep_len_mean":987.85,"_runtime":3490.0897799,"train/explained_variance":0.4722169,"train/std":0.058700133,"train/clip_range":0.2,"global_step":3000320,"time/fps":860,"rollout/ep_rew_mean":-31.229198}