{"rollout/ep_rew_mean":-25.922203,"train/explained_variance":0.5992222,"train/clip_range":0.2,"train/value_loss":0.053294335,"train/policy_gradient_loss":-0.0009866089,"_runtime":1109.7322311,"train/learning_rate":0.0003,"_wandb":{"runtime":1109},"time/fps":1805,"train/std":0.7791454,"rollout/ep_len_mean":954.02,"train/clip_fraction":0.053710938,"_step":12691,"train/loss":0.044613097,"global_step":2000896,"train/approx_kl":0.0048513915,"_timestamp":1.7369444261224844e+09,"train/entropy_loss":-3.5042927}