{"train/explained_variance":0.98698986,"train/entropy_loss":3.8221796,"global_step":3000320,"train/value_loss":0.0074363914,"time/fps":707,"train/loss":0.024123562,"rollout/ep_len_mean":1001,"train/learning_rate":0.0009687799,"train/std":0.06986067,"_step":19034,"train/policy_gradient_loss":0.0035153006,"train/approx_kl":0.0064060506,"_runtime":4241.2334474,"rollout/ep_rew_mean":-68.85315,"_wandb":{"runtime":4242},"_timestamp":1.737064016081746e+09,"train/clip_fraction":0.09819336,"train/clip_range":0.2}