{"train/policy_gradient_loss":0.0029661532,"rollout/ep_len_mean":1001,"train/clip_range":0.2,"train/entropy_loss":4.2523975,"rollout/ep_rew_mean":-35.67851,"_step":19034,"global_step":3000320,"_wandb":{"runtime":3763},"time/fps":798,"train/clip_fraction":0.16420898,"train/value_loss":0.00551789,"_timestamp":1.7371407139919255e+09,"train/explained_variance":0.87126154,"train/approx_kl":0.010312805,"_runtime":3760.9689731,"train/std":0.05960995,"train/learning_rate":0.00027095719,"train/loss":0.0009513885}