{"train/clip_range":0.2,"_step":19035,"_timestamp":1.7370330957969086e+09,"train/explained_variance":0.99602896,"global_step":3000320,"train/approx_kl":0.056543052,"_wandb":{"runtime":2562},"train/std":0.06791106,"rollout/ep_len_mean":940.35,"train/policy_gradient_loss":0.0024392256,"train/learning_rate":0.00085819623,"train/loss":0.007265047,"_runtime":2562.1353909,"train/value_loss":0.001139657,"time/fps":1172,"train/entropy_loss":3.8541079,"rollout/ep_rew_mean":-16.357111,"train/clip_fraction":0.26186523}