{"train/clip_fraction":0.15126953,"train/approx_kl":0.010077889,"train/explained_variance":0.98121536,"global_step":3000320,"train/learning_rate":0.00029662935,"_step":19035,"_wandb":{"runtime":3560},"train/std":0.102249525,"rollout/ep_rew_mean":-26.470123,"train/clip_range":0.2,"rollout/ep_len_mean":1001,"_timestamp":1.7370609677290695e+09,"_runtime":3560.4662146,"train/policy_gradient_loss":-0.002711777,"train/loss":-0.0074504917,"train/entropy_loss":2.6038377,"train/value_loss":0.009080997,"time/fps":843}