{"time/fps":1745,"train/clip_range":0.2,"_timestamp":1.7369499578830743e+09,"_step":19035,"train/value_loss":0.026587358,"rollout/ep_rew_mean":-26.45984,"train/clip_fraction":0.08203125,"_wandb":{"runtime":1720},"global_step":3000320,"train/learning_rate":0.0003,"train/policy_gradient_loss":0.00081395154,"train/std":0.6932878,"train/explained_variance":0.9524597,"_runtime":1720.653629,"train/approx_kl":0.006022446,"train/loss":-0.002163644,"rollout/ep_len_mean":964.11,"train/entropy_loss":-3.1536891}