{"_runtime":1588.8420067,"train/policy_gradient_loss":0.0007630761,"time/fps":1890,"train/value_loss":207.19412,"rollout/ep_rew_mean":1150.7587,"train/loss":72.226135,"_wandb":{"runtime":1588},"train/clip_fraction":0,"_timestamp":1.736770905027134e+09,"train/entropy_loss":-3.4892142,"train/explained_variance":0.92562604,"train/std":0.77480644,"_step":19035,"rollout/ep_len_mean":951.52,"train/clip_range":0.2,"train/learning_rate":0.0003,"global_step":3000320,"train/approx_kl":0.00059020217}