{"train/value_loss":0.00083554524,"train/learning_rate":0.00087593053,"rollout/ep_rew_mean":-21.793518,"_step":19034,"train/clip_range":0.2,"train/loss":0.014203902,"_wandb":{"runtime":3637},"train/clip_fraction":0.26430663,"rollout/ep_len_mean":938.34,"train/entropy_loss":4.3166676,"time/fps":826,"train/policy_gradient_loss":0.010122259,"train/explained_variance":0.9982918,"_runtime":3637.4547311,"_timestamp":1.7370285815226848e+09,"global_step":3000320,"train/approx_kl":0.026234478,"train/std":0.06271695}