{"time/fps":1272,"train/explained_variance":0.9251197,"global_step":3000320,"_timestamp":1.737054309526028e+09,"train/clip_fraction":0.17192383,"train/entropy_loss":3.6900148,"train/loss":0.043237403,"train/approx_kl":0.02200726,"rollout/ep_len_mean":969.05,"train/learning_rate":0.00067197246,"_runtime":2360.2012862,"_wandb":{"runtime":2360},"train/value_loss":0.15595278,"train/policy_gradient_loss":0.006735089,"rollout/ep_rew_mean":-3.6446264,"train/clip_range":0.2,"_step":19035,"train/std":0.0746185}