{"train/loss":0.0056189443,"train/std":0.05077051,"train/explained_variance":0.9637666,"_runtime":2973.4695371,"rollout/ep_len_mean":993.15,"train/entropy_loss":4.7989345,"_wandb":{"runtime":2976},"train/clip_fraction":0.13500977,"train/policy_gradient_loss":0.0027024297,"global_step":3000320,"train/approx_kl":0.013857685,"time/fps":1009,"_step":19034,"train/value_loss":0.11372531,"train/learning_rate":0.00059276616,"rollout/ep_rew_mean":-35.135193,"_timestamp":1.7371202877340648e+09,"train/clip_range":0.2}