{"rollout/ep_rew_mean":-40.58408,"train/entropy_loss":4.9288483,"train/approx_kl":0.011559956,"train/policy_gradient_loss":0.0034169788,"train/std":0.04874638,"_step":19034,"train/value_loss":0.037531655,"time/fps":682,"_timestamp":1.7370620198726435e+09,"train/clip_range":0.2,"_runtime":4398.9347197,"train/learning_rate":0.00029037258,"train/loss":0.04738406,"train/explained_variance":0.9777652,"global_step":3000320,"_wandb":{"runtime":4399},"train/clip_fraction":0.1637207,"rollout/ep_len_mean":1001}