{"rollout/ep_rew_mean":8.716221,"_wandb":{"runtime":2942},"train/explained_variance":0.9644111,"global_step":3000320,"time/fps":1021,"_step":19034,"train/value_loss":0.45496902,"train/policy_gradient_loss":0.0099746995,"train/learning_rate":0.00033084405,"train/std":0.10273812,"train/clip_fraction":0.18632813,"train/clip_range":0.2,"_runtime":2942.6597924,"train/approx_kl":0.006522614,"train/loss":0.054763358,"rollout/ep_len_mean":970.97,"train/entropy_loss":2.5940807,"_timestamp":1.7371334789515462e+09}