{"train/clip_range":0.2,"_runtime":2903.3065952,"rollout/ep_rew_mean":291.63132,"time/fps":1034,"global_step":3000320,"train/learning_rate":0.00040370447,"train/approx_kl":0.043151192,"train/clip_fraction":0.41586915,"train/entropy_loss":3.2774262,"_wandb":{"runtime":2905},"_step":19034,"_timestamp":1.7371333248827367e+09,"rollout/ep_len_mean":819.84,"train/explained_variance":0.9763295,"train/value_loss":39.305347,"train/policy_gradient_loss":0.018407984,"train/std":0.08151787,"train/loss":13.729982}