{"train/policy_gradient_loss":0.004550754,"_timestamp":1.737139620358227e+09,"train/clip_range":0.2,"rollout/ep_len_mean":1001,"train/clip_fraction":0.12026367,"train/approx_kl":0.007917272,"train/value_loss":0.029101241,"_step":19034,"train/loss":0.0033864547,"rollout/ep_rew_mean":-53.04143,"_wandb":{"runtime":3555},"train/learning_rate":0.00094561087,"train/entropy_loss":5.5530767,"_runtime":3554.7704923,"time/fps":844,"train/explained_variance":0.9792211,"train/std":0.040356364,"global_step":3000320}