{"_wandb":{"runtime":4675},"train/clip_range":0.2,"train/value_loss":95.687965,"global_step":5001216,"rollout/ep_len_mean":527.05,"train/loss":18.059242,"rollout/ep_rew_mean":249.6167,"time/fps":1070,"_runtime":4675.9494867,"_step":31736,"_timestamp":1.7370506746121461e+09,"train/learning_rate":3.7456266e-05,"train/explained_variance":0.8884013,"train/policy_gradient_loss":-0.003099991,"train/approx_kl":0.008192027,"train/entropy_loss":3.3035486,"train/clip_fraction":0.10898437,"train/std":0.08064436}