{"train/explained_variance":0.10323906,"global_step":3000320,"_wandb":{"runtime":3434},"train/value_loss":5.556863,"train/clip_range":0.2,"_timestamp":1.7371204873038194e+09,"train/approx_kl":0.014173034,"train/loss":4.525111,"rollout/ep_len_mean":993,"train/policy_gradient_loss":0.0012945994,"train/std":0.076965876,"train/clip_fraction":0.12607422,"time/fps":874,"rollout/ep_rew_mean":-27.778717,"train/entropy_loss":3.517592,"train/learning_rate":0.00039698323,"_runtime":3434.4522376,"_step":19034}