{"train/clip_range":0.2,"_wandb":{"runtime":4081},"train/learning_rate":0.00062405353,"rollout/ep_len_mean":900.71,"rollout/ep_rew_mean":-17.295393,"train/loss":-0.019896694,"train/explained_variance":0.9980118,"time/fps":735,"global_step":3000320,"_step":19034,"_timestamp":1.7369844261203187e+09,"train/approx_kl":0.022505026,"train/clip_fraction":0.261084,"train/std":0.05089234,"train/policy_gradient_loss":0.0059237476,"train/entropy_loss":4.743414,"_runtime":4080.6139271,"train/value_loss":0.0008496801}