{"train/policy_gradient_loss":-0.00690407,"train/loss":4.749778,"train/std":0.15569465,"_step":19034,"train/value_loss":10.3555155,"train/explained_variance":0.8380012,"train/approx_kl":0.016000917,"_wandb":{"runtime":2662},"_runtime":2660.3350953,"_timestamp":1.737059166306372e+09,"global_step":3000320,"train/learning_rate":0.00018070886,"rollout/ep_len_mean":526.39,"time/fps":1129,"train/clip_fraction":0.22558594,"train/entropy_loss":1.3208538,"train/clip_range":0.2,"rollout/ep_rew_mean":86.774}