{"train/value_loss":0.015961783,"train/learning_rate":0.00095070526,"global_step":3000320,"train/loss":-0.00038098264,"train/explained_variance":0.9892194,"train/approx_kl":0.029265717,"train/policy_gradient_loss":0.00075088366,"_timestamp":1.7370565053330736e+09,"train/entropy_loss":4.9679794,"train/std":0.06477729,"_wandb":{"runtime":2192},"_runtime":2192.0742591,"rollout/ep_len_mean":1001,"train/clip_range":0.2,"time/fps":1369,"train/clip_fraction":0.2053711,"rollout/ep_rew_mean":-45.334892,"_step":19034}