{"train/value_loss":54.88037,"time/fps":829,"train/entropy_loss":0.6600469,"train/std":0.19456474,"train/clip_fraction":0.06733398,"_timestamp":1.7370625482944856e+09,"train/clip_range":0.2,"train/learning_rate":3.7456266e-05,"train/explained_variance":0.5866423,"train/policy_gradient_loss":-0.0062597496,"_runtime":5723.5146396,"rollout/ep_len_mean":266.58,"train/approx_kl":0.005490665,"_wandb":{"runtime":5723},"_step":30124,"train/loss":23.760002,"rollout/ep_rew_mean":71.43162,"global_step":4747264}