{"train/policy_gradient_loss":0.014157751,"global_step":3000320,"train/explained_variance":0.97731215,"_timestamp":1.7371218412253015e+09,"train/clip_range":0.2,"train/loss":0.033071797,"train/value_loss":0.18486603,"rollout/ep_rew_mean":8.299889,"train/entropy_loss":3.205764,"train/std":0.08399802,"time/fps":1063,"_step":19034,"train/learning_rate":0.0005133883,"_wandb":{"runtime":2825},"rollout/ep_len_mean":990.8,"train/clip_fraction":0.21308593,"train/approx_kl":0.010780415,"_runtime":2822.5437764}