{"train/std":0.2115293,"_wandb":{"runtime":1097},"train/learning_rate":0.0005060371,"_runtime":1097.3367006,"global_step":1957888,"_timestamp":1.737035050944171e+09,"rollout/ep_rew_mean":-10.1321125,"train/clip_fraction":0.16079101,"train/loss":0.020909078,"train/value_loss":0.045546148,"rollout/ep_len_mean":354.68,"train/approx_kl":0.017480897,"train/clip_range":0.2,"time/fps":1786,"train/entropy_loss":0.43780807,"train/policy_gradient_loss":0.0020526447,"_step":12418,"train/explained_variance":0.9164932}