{"_wandb":{"runtime":3748},"_runtime":3745.7708992,"train/explained_variance":0.97708684,"time/fps":801,"train/clip_range":0.2,"global_step":3000320,"_timestamp":1.737141415914165e+09,"train/approx_kl":0.021862775,"train/std":0.05849467,"train/clip_fraction":0.24223633,"train/learning_rate":0.0003411574,"train/loss":0.0014800716,"train/policy_gradient_loss":0.009219909,"train/value_loss":0.007332651,"rollout/ep_rew_mean":-33.95561,"train/entropy_loss":4.276067,"_step":19034,"rollout/ep_len_mean":1001}