{"train/explained_variance":0.9933378,"time/fps":1140,"_wandb":{"runtime":2634},"train/std":0.09462436,"_step":19034,"_runtime":2633.1284504,"train/loss":0.025357815,"rollout/ep_len_mean":871.04,"rollout/ep_rew_mean":-15.630036,"train/clip_range":0.2,"train/entropy_loss":2.873871,"global_step":3000320,"train/policy_gradient_loss":0.006152553,"train/learning_rate":0.0008617288,"_timestamp":1.7369857115060444e+09,"train/approx_kl":0.033711106,"train/clip_fraction":0.21162109,"train/value_loss":0.004815295}