{"train/std":0.105315305,"time/fps":682,"train/explained_variance":0.853411,"_wandb":{"runtime":4400},"train/clip_range":0.2,"train/entropy_loss":2.597853,"rollout/ep_rew_mean":-41.661102,"train/clip_fraction":0.12675782,"global_step":3000320,"train/approx_kl":0.014271072,"_timestamp":1.7371265608515186e+09,"_runtime":4400.7098164,"rollout/ep_len_mean":1001,"train/policy_gradient_loss":-0.0015809212,"train/value_loss":0.012172036,"train/learning_rate":0.0007619974,"train/loss":-0.012590376,"_step":19035}