{"time/fps":1345,"train/entropy_loss":3.3361235,"train/explained_variance":0.84542614,"_wandb":{"runtime":2232},"_runtime":2232.995815,"train/loss":0.9603031,"train/policy_gradient_loss":0.008238851,"train/approx_kl":0.01059234,"train/value_loss":1.9777632,"train/clip_fraction":0.32949218,"train/learning_rate":0.0006232806,"_step":19035,"train/std":0.08095577,"rollout/ep_rew_mean":14.365092,"_timestamp":1.7370542355458174e+09,"rollout/ep_len_mean":923.18,"global_step":3000320,"train/clip_range":0.2}