{"rollout/ep_len_mean":1001,"global_step":100352,"train/approx_kl":0.013301909,"train/clip_fraction":0.16245118,"_wandb":{"runtime":91},"_runtime":91.7071025,"train/explained_variance":0.8907595,"train/learning_rate":0.002740448,"train/entropy_loss":-3.293941,"time/fps":1127,"train/value_loss":0.03616095,"train/loss":-0.0006106496,"train/policy_gradient_loss":-0.0060244193,"_timestamp":1.7369762101073868e+09,"rollout/ep_rew_mean":-168.72017,"_step":627,"train/std":0.73423713,"train/clip_range":0.2}