{"time/fps":855,"train/std":0.2871304,"_timestamp":1.737119162556732e+09,"rollout/ep_len_mean":510.62,"global_step":3000320,"train/learning_rate":4.4532226e-05,"train/policy_gradient_loss":-0.0031853435,"train/approx_kl":0.007412873,"train/entropy_loss":-0.5110089,"train/loss":0.015440987,"_runtime":3510.3719329,"train/value_loss":0.394835,"train/clip_fraction":0.05078125,"_wandb":{"runtime":3512},"_step":19034,"rollout/ep_rew_mean":50.95566,"train/clip_range":0.2,"train/explained_variance":0.9658575}