{"time/fps":690,"train/loss":0.02034936,"train/policy_gradient_loss":-0.00089309167,"rollout/ep_rew_mean":-51.781498,"_step":19034,"train/entropy_loss":2.0499709,"_timestamp":1.737124551853712e+09,"global_step":3000320,"train/approx_kl":0.008622144,"train/clip_range":0.2,"rollout/ep_len_mean":1001,"train/explained_variance":0.9291121,"train/std":0.12429941,"_runtime":4347.4614515,"train/clip_fraction":0.106738284,"train/learning_rate":0.00079628435,"train/value_loss":0.012927145,"_wandb":{"runtime":4348}}