{"train/clip_range":0.2,"rollout/ep_rew_mean":-22.307058,"train/loss":-0.017231133,"train/entropy_loss":5.311928,"_runtime":3217.0018771,"rollout/ep_len_mean":911.57,"train/std":0.042330544,"train/clip_fraction":0.23774414,"train/explained_variance":0.9983092,"_wandb":{"runtime":3217},"_step":19035,"global_step":3000320,"train/policy_gradient_loss":0.008498448,"train/learning_rate":0.00094543846,"train/value_loss":0.000559251,"time/fps":933,"_timestamp":1.736984957846971e+09,"train/approx_kl":0.010854337}