{"train/learning_rate":0.009099859,"train/entropy_loss":-4.299671,"train/loss":0.18809883,"_timestamp":1.7369763296987832e+09,"train/value_loss":0.65202695,"train/std":1.0241432,"train/policy_gradient_loss":-0.0017675508,"train/approx_kl":0.0044648014,"train/clip_fraction":0.036572266,"rollout/ep_len_mean":1001,"_step":54,"_runtime":8.4182426,"train/clip_range":0.2,"rollout/ep_rew_mean":-173.32468,"time/fps":1575,"train/explained_variance":0.30702484,"_wandb":{"runtime":8},"global_step":10240}