{"_step":19034,"train/policy_gradient_loss":0.015881281,"train/std":0.11027161,"rollout/ep_len_mean":1001,"train/loss":0.022060374,"train/explained_variance":0.99296224,"train/approx_kl":0.03245914,"rollout/ep_rew_mean":-27.684927,"train/clip_fraction":0.34394532,"train/clip_range":0.2,"_wandb":{"runtime":2853},"time/fps":1053,"train/entropy_loss":2.3885908,"train/learning_rate":0.00062460697,"global_step":3000320,"_timestamp":1.7371360611098928e+09,"train/value_loss":0.0075193155,"_runtime":2852.6903273}