{"train/loss":2.4463253,"train/clip_range":0.2,"_wandb":{"runtime":2935},"train/std":0.095790334,"train/clip_fraction":0.23159179,"_timestamp":1.737127489606335e+09,"_runtime":2934.3341755,"rollout/ep_rew_mean":-20.953154,"train/entropy_loss":2.8327503,"train/policy_gradient_loss":0.0024658432,"train/approx_kl":0.040620983,"time/fps":1024,"global_step":3000320,"train/learning_rate":0.0006237877,"_step":19034,"train/value_loss":6.1614323,"rollout/ep_len_mean":993.98,"train/explained_variance":-0.96587336}