{"train/std":0.8733329,"train/loss":0.06915361,"train/policy_gradient_loss":0.001814435,"train/value_loss":0.117668636,"_runtime":868.7046514,"train/approx_kl":0.00085154537,"train/learning_rate":0.0003,"_wandb":{"runtime":868},"global_step":1701888,"rollout/ep_rew_mean":-29.410116,"train/clip_fraction":0.00048828125,"train/explained_variance":0.6480164,"_step":10793,"train/clip_range":0.2,"_timestamp":1.736936637227318e+09,"rollout/ep_len_mean":943.94,"train/entropy_loss":-3.8465111,"time/fps":1962}