{"rollout/ep_rew_mean":-11.415244,"global_step":3000320,"_timestamp":1.7369955091893647e+09,"train/loss":0.0055222358,"_step":19034,"train/approx_kl":0.02238309,"train/clip_fraction":0.28359374,"train/learning_rate":0.00090432545,"train/explained_variance":0.99740237,"train/clip_range":0.2,"train/policy_gradient_loss":0.005429705,"_wandb":{"runtime":4981},"_runtime":4979.0137744,"train/entropy_loss":1.9556991,"rollout/ep_len_mean":492.36,"time/fps":603,"train/std":0.12763418,"train/value_loss":0.011725901}