{"_timestamp":1.7369763735461152e+09,"rollout/ep_rew_mean":-185.52896,"train/clip_fraction":0.06298828,"train/std":0.94698024,"train/learning_rate":0.0030646645,"train/loss":0.12280291,"train/policy_gradient_loss":-0.0034851485,"train/value_loss":0.8386978,"_wandb":{"runtime":10},"time/fps":1130,"rollout/ep_len_mean":1001,"train/entropy_loss":-4.0888615,"train/explained_variance":-1.3366888,"train/approx_kl":0.008312805,"_runtime":10.4745772,"global_step":10240,"_step":54,"train/clip_range":0.2}