{"rollout/ep_len_mean":657.29,"train/loss":-0.010113514,"train/approx_kl":0.051015835,"train/std":0.12782608,"train/policy_gradient_loss":0.004662595,"train/learning_rate":0.0005060371,"_step":19034,"global_step":3000320,"_timestamp":1.7369929858657584e+09,"train/entropy_loss":1.9290289,"train/clip_fraction":0.3043457,"_wandb":{"runtime":4557},"train/value_loss":0.005369599,"time/fps":659,"rollout/ep_rew_mean":-15.093156,"train/explained_variance":0.9737546,"_runtime":4553.6823414,"train/clip_range":0.2}