{"train/clip_fraction":0.28886718,"train/approx_kl":0.019514654,"time/fps":980,"train/value_loss":0.0018778929,"_wandb":{"runtime":3067},"rollout/ep_rew_mean":-16.59911,"train/clip_range":0.2,"train/policy_gradient_loss":0.013157818,"_timestamp":1.7369825259750538e+09,"train/learning_rate":0.00064234034,"global_step":3000320,"_runtime":3065.0373533,"train/std":0.10153402,"train/explained_variance":0.9919701,"_step":19034,"train/entropy_loss":2.6617424,"rollout/ep_len_mean":941.99,"train/loss":0.048437923}