{"train/policy_gradient_loss":-0.0029757475,"global_step":1234944,"train/clip_fraction":0.2762207,"_timestamp":1.7371533797654665e+09,"train/loss":7.1194034,"_step":7829,"train/entropy_loss":0.42173907,"_wandb":{"runtime":680},"train/std":0.21058942,"rollout/ep_rew_mean":83.959694,"train/learning_rate":0.0005060371,"train/clip_range":0.2,"train/explained_variance":0.914312,"_runtime":680.1895295,"train/approx_kl":0.015104099,"train/value_loss":17.447016,"rollout/ep_len_mean":259.64,"time/fps":1820}