{"time/fps":1821,"train/approx_kl":0.0054941517,"train/explained_variance":0.9061668,"train/value_loss":0.039217565,"train/loss":0.023133129,"_timestamp":1.736776764109313e+09,"train/std":0.7217522,"_runtime":1648.1087586,"_step":19035,"global_step":3000320,"_wandb":{"runtime":1648},"train/learning_rate":0.0003,"rollout/ep_len_mean":944.29,"train/entropy_loss":-3.2746384,"train/clip_fraction":0.072265625,"train/policy_gradient_loss":0.0038461245,"train/clip_range":0.2,"rollout/ep_rew_mean":-23.173977}