{"train/value_loss":0.015565899,"train/clip_fraction":0.1421875,"global_step":3000320,"_runtime":4330.1453429,"train/approx_kl":0.010882249,"_wandb":{"runtime":4330},"train/clip_range":0.2,"train/entropy_loss":4.226328,"rollout/ep_len_mean":1001,"train/loss":0.016569417,"time/fps":693,"rollout/ep_rew_mean":-68.39786,"train/std":0.066865586,"train/learning_rate":0.0006927517,"train/policy_gradient_loss":0.003392604,"_step":19035,"train/explained_variance":0.98585236,"_timestamp":1.7371326976489396e+09}