{"time/fps":706,"train/learning_rate":0.0009780818,"rollout/ep_rew_mean":-19.86979,"train/clip_fraction":0.36040038,"train/value_loss":0.0028089762,"train/loss":0.0070827976,"_step":19034,"rollout/ep_len_mean":981.23,"_timestamp":1.7369910330925362e+09,"train/approx_kl":0.03327417,"train/policy_gradient_loss":0.0088872695,"global_step":3000320,"train/clip_range":0.2,"_runtime":4248.4457199,"train/entropy_loss":4.3145237,"train/std":0.057964724,"_wandb":{"runtime":4251},"train/explained_variance":0.99688447}