{"global_step":3000320,"rollout/ep_len_mean":447.66,"train/policy_gradient_loss":0.0011795628,"rollout/ep_rew_mean":-12.458293,"train/approx_kl":0.007020658,"train/explained_variance":0.9884822,"time/fps":1014,"train/value_loss":0.0040736445,"train/std":0.16590561,"_wandb":{"runtime":2961},"train/loss":0.0029142727,"train/clip_range":0.2,"_runtime":2958.6415856,"_step":19034,"train/entropy_loss":1.1500049,"train/learning_rate":0.00013583206,"_timestamp":1.7370315442482193e+09,"train/clip_fraction":0.16884765}