{"_timestamp":1.7371170489886036e+09,"train/value_loss":0.017051362,"rollout/ep_rew_mean":-28.756178,"_wandb":{"runtime":2718},"_step":19034,"_runtime":2715.5548932,"train/learning_rate":0.00044943503,"train/entropy_loss":3.7212067,"time/fps":1105,"train/approx_kl":0.01254008,"train/std":0.06997761,"train/explained_variance":0.9511707,"train/clip_fraction":0.24501953,"train/loss":0.01671471,"train/policy_gradient_loss":0.0056708106,"global_step":3000320,"train/clip_range":0.2,"rollout/ep_len_mean":1001}