{"train/clip_fraction":0.10385742,"rollout/ep_rew_mean":-43.330696,"train/entropy_loss":4.021438,"train/learning_rate":0.00065847,"train/explained_variance":0.96440446,"train/value_loss":0.017156987,"_timestamp":1.7371208632742114e+09,"train/std":0.07198368,"global_step":3000320,"rollout/ep_len_mean":994.1,"train/policy_gradient_loss":0.00080863334,"time/fps":878,"_wandb":{"runtime":3418},"_step":19035,"train/approx_kl":0.005744719,"train/loss":0.0054992945,"train/clip_range":0.2,"_runtime":3418.7761442}