{"train/learning_rate":0.00040106603,"time/fps":970,"train/clip_range":0.2,"global_step":3000320,"_wandb":{"runtime":3098},"rollout/ep_len_mean":991.66,"train/clip_fraction":0.22192383,"_step":19035,"train/explained_variance":0.98555213,"_runtime":3098.3708619,"_timestamp":1.737123387804016e+09,"train/policy_gradient_loss":0.0068058525,"train/approx_kl":0.025658207,"train/value_loss":0.012575341,"rollout/ep_rew_mean":-14.203581,"train/loss":0.00032592192,"train/entropy_loss":3.774208,"train/std":0.06953368}