{"train/clip_fraction":0.29848632,"time/fps":1354,"_runtime":2217.0157734,"_wandb":{"runtime":2217},"rollout/ep_rew_mean":21.309952,"train/loss":0.06934822,"train/approx_kl":0.027230859,"train/entropy_loss":3.5972357,"train/learning_rate":0.0003511319,"train/value_loss":0.45962974,"rollout/ep_len_mean":964.14,"train/explained_variance":0.96286833,"train/clip_range":0.2,"_timestamp":1.737056915368713e+09,"_step":19034,"global_step":3000320,"train/policy_gradient_loss":0.014608297,"train/std":0.07431703}