{"train/explained_variance":0.9375283,"train/approx_kl":0.011706257,"train/loss":-0.0025941236,"train/std":0.059232727,"train/learning_rate":0.0007628232,"rollout/ep_rew_mean":-24.924698,"time/fps":835,"train/clip_fraction":0.17021485,"train/entropy_loss":4.37191,"rollout/ep_len_mean":958.44,"train/clip_range":0.2,"_runtime":3596.6535324,"_step":19035,"_timestamp":1.737033802773286e+09,"global_step":3000320,"train/value_loss":0.0026804134,"_wandb":{"runtime":3596},"train/policy_gradient_loss":0.0026743007}