{"train/policy_gradient_loss":-0.0058091204,"rollout/ep_rew_mean":-196.22491,"train/entropy_loss":-4.169187,"_runtime":10.7998509,"rollout/ep_len_mean":1001,"train/approx_kl":0.0048422604,"_step":54,"train/loss":0.09584006,"train/clip_range":0.2,"global_step":10240,"train/explained_variance":0.9034372,"train/value_loss":0.43428907,"_wandb":{"runtime":11},"time/fps":1055,"train/clip_fraction":0.068359375,"_timestamp":1.7369763465291069e+09,"train/std":0.96430635,"train/learning_rate":0.0025855831}