{"train/approx_kl":0.008565028,"global_step":3000320,"train/clip_fraction":0.12734374,"train/value_loss":0.019077415,"train/policy_gradient_loss":0.0025679362,"train/clip_range":0.2,"rollout/ep_rew_mean":-33.54379,"time/fps":1066,"train/std":0.08386298,"train/loss":0.007282901,"train/learning_rate":0.0009594497,"_step":19035,"rollout/ep_len_mean":1001,"_runtime":2817.3323759,"_timestamp":1.7371363018262134e+09,"train/explained_variance":0.98331165,"train/entropy_loss":3.1938958,"_wandb":{"runtime":2817}}