{"train/loss":-0.0092204455,"train/approx_kl":0.01257935,"rollout/ep_len_mean":1001,"train/std":0.061764974,"train/value_loss":0.0072018467,"train/clip_fraction":0.16601562,"train/entropy_loss":4.315068,"_timestamp":1.7370603756987512e+09,"train/policy_gradient_loss":-0.0050945543,"train/clip_range":0.2,"global_step":3000320,"_step":19034,"_wandb":{"runtime":3009},"time/fps":998,"train/explained_variance":0.98712474,"_runtime":3008.8425179,"rollout/ep_rew_mean":-31.944643,"train/learning_rate":0.0009312694}