{"rollout/ep_rew_mean":-44.892998,"train/entropy_loss":4.727091,"_runtime":4336.4533515,"time/fps":692,"train/clip_fraction":0.1309082,"train/explained_variance":0.9528843,"train/std":0.05211025,"_timestamp":1.7371376654393616e+09,"_wandb":{"runtime":4336},"train/policy_gradient_loss":-0.002132305,"train/learning_rate":0.00036733638,"global_step":3000320,"_step":19034,"train/approx_kl":0.00864003,"train/loss":0.05513582,"rollout/ep_len_mean":1001,"train/value_loss":0.13315286,"train/clip_range":0.2}