{"train/clip_range":0.2,"_runtime":3554.6081487,"train/clip_fraction":0.06826172,"train/learning_rate":0.0005535938,"train/explained_variance":0.95540947,"train/std":0.049533468,"_step":19034,"train/entropy_loss":5.104162,"_wandb":{"runtime":3557},"train/approx_kl":0.008846024,"rollout/ep_len_mean":994.27,"train/value_loss":0.015523254,"_timestamp":1.7371254028354564e+09,"global_step":3000320,"train/loss":-0.0035745522,"time/fps":844,"train/policy_gradient_loss":-0.0001374037,"rollout/ep_rew_mean":-54.700146}