{"train/policy_gradient_loss":-0.0064611994,"rollout/ep_len_mean":981.44,"rollout/ep_rew_mean":-28.773584,"train/approx_kl":0.008172516,"train/clip_fraction":0.076123044,"time/fps":1246,"_timestamp":1.7370300291424932e+09,"train/value_loss":0.039270688,"global_step":3000320,"train/explained_variance":0.95809335,"train/learning_rate":0.00011128969,"train/loss":0.008967558,"train/entropy_loss":-2.0331097,"train/clip_range":0.2,"_runtime":2407.6465783,"_wandb":{"runtime":2409},"train/std":0.4776919,"_step":19034}