{"_runtime":8.4654209,"train/policy_gradient_loss":-0.007887596,"rollout/ep_rew_mean":-163.62048,"train/clip_fraction":0.09443359,"train/explained_variance":0.3369773,"train/value_loss":0.6400521,"train/approx_kl":0.012527045,"train/clip_range":0.2,"train/entropy_loss":-4.2052097,"rollout/ep_len_mean":1001,"_step":54,"_wandb":{"runtime":8},"train/loss":0.17441374,"train/std":0.97659904,"global_step":10240,"time/fps":1416,"train/learning_rate":0.0036239282,"_timestamp":1.736976358433152e+09}