{"train/clip_fraction":0.0076660155,"train/approx_kl":0.0032290374,"train/learning_rate":5.8348935e-05,"rollout/ep_len_mean":573.15,"global_step":3000320,"train/policy_gradient_loss":-0.0015515175,"_wandb":{"runtime":2351},"train/explained_variance":0.9366932,"time/fps":1278,"_timestamp":1.7370437977133007e+09,"train/value_loss":0.44778612,"train/clip_range":0.2,"train/entropy_loss":-1.4248832,"train/std":0.39103392,"_runtime":2351.4302383,"train/loss":0.04135047,"_step":19035,"rollout/ep_rew_mean":52.76033}