{"global_step":3000320,"train/clip_fraction":0.20297852,"_step":19034,"rollout/ep_rew_mean":-21.188368,"train/explained_variance":0.99025655,"train/loss":-0.005368408,"rollout/ep_len_mean":946.05,"time/fps":1169,"_timestamp":1.7370301784251175e+09,"_runtime":2567.9623873,"train/learning_rate":0.00085093075,"_wandb":{"runtime":2568},"train/std":0.08005261,"train/policy_gradient_loss":0.005747085,"train/approx_kl":0.020602982,"train/entropy_loss":3.3285382,"train/value_loss":0.001491502,"train/clip_range":0.2}