{"train/explained_variance":0.7584151,"_runtime":1104.0774979,"train/learning_rate":0.0003,"rollout/ep_rew_mean":-29.619377,"train/policy_gradient_loss":0.001901408,"train/loss":0.011534345,"global_step":2000896,"_timestamp":1.7369430512119522e+09,"train/approx_kl":0.0015520896,"rollout/ep_len_mean":980.56,"time/fps":1814,"train/value_loss":0.05884415,"_wandb":{"runtime":1104},"train/clip_range":0.2,"_step":12691,"train/std":0.8317626,"train/clip_fraction":0.0053710938,"train/entropy_loss":-3.7026525}