{"train/learning_rate":9.880701e-05,"_runtime":2902.3921242,"train/value_loss":13.42217,"train/clip_range":0.2,"train/loss":6.9998097,"train/std":0.35334754,"train/approx_kl":0.0035095687,"train/policy_gradient_loss":-0.003431459,"global_step":3000320,"train/entropy_loss":-1.1216425,"_timestamp":1.737132643309719e+09,"_wandb":{"runtime":2904},"train/explained_variance":0.92630297,"train/clip_fraction":0.03466797,"rollout/ep_len_mean":513.46,"_step":19034,"time/fps":1034,"rollout/ep_rew_mean":45.960915}