{"_wandb":{"runtime":1797},"global_step":3000320,"train/approx_kl":0.010947937,"rollout/ep_len_mean":1001,"train/std":0.79122955,"train/loss":0.015183538,"_runtime":1797.291446,"train/learning_rate":0.0088471295,"train/entropy_loss":-3.5352232,"time/fps":1670,"_step":19034,"train/clip_range":0.2,"train/explained_variance":0.99901843,"train/value_loss":0.076438956,"_timestamp":1.73697419414415e+09,"train/clip_fraction":0.30541992,"train/policy_gradient_loss":0.022309542,"rollout/ep_rew_mean":-342.76794}