{"global_step":3000320,"train/std":0.04390128,"train/learning_rate":0.00040126653,"time/fps":858,"train/clip_range":0.2,"_wandb":{"runtime":3500},"rollout/ep_len_mean":1001,"train/value_loss":0.008684201,"train/clip_fraction":0.14355469,"rollout/ep_rew_mean":-52.15314,"train/entropy_loss":5.1521816,"_timestamp":1.737123273556458e+09,"train/loss":0.03225796,"_runtime":3497.8982753,"train/explained_variance":0.99180883,"train/approx_kl":0.014723514,"_step":19034,"train/policy_gradient_loss":0.005787344}