{"train/value_loss":26.297823,"_step":54,"train/loss":10.422023,"train/approx_kl":0.0009940565,"rollout/ep_rew_mean":-278.53873,"rollout/ep_len_mean":1001,"_timestamp":1.7369763852879758e+09,"train/std":1.0057188,"time/fps":1459,"train/clip_range":0.2,"_runtime":8.0376197,"global_step":10240,"_wandb":{"runtime":8},"train/learning_rate":0.0002765914,"train/clip_fraction":0,"train/policy_gradient_loss":-0.00092920806,"train/explained_variance":-0.20936358,"train/entropy_loss":-4.2710414}