{"train/clip_range":0.2,"train/approx_kl":0.0031266275,"train/learning_rate":0.0003,"train/loss":0.016269477,"_step":19035,"global_step":3000320,"train/policy_gradient_loss":0.00091039477,"train/std":0.71234965,"train/value_loss":0.02463622,"time/fps":1724,"_timestamp":1.7369500338583503e+09,"train/clip_fraction":0.0234375,"_wandb":{"runtime":1741},"rollout/ep_rew_mean":-25.360481,"_runtime":1741.7395248,"train/explained_variance":0.94149125,"rollout/ep_len_mean":939.39,"train/entropy_loss":-3.2381988}