{"train/policy_gradient_loss":0.019744879,"rollout/ep_rew_mean":-16.523455,"train/clip_fraction":0.3503906,"global_step":3000320,"train/entropy_loss":3.6429322,"train/learning_rate":0.0003702296,"train/std":0.07259817,"train/explained_variance":0.99445236,"_wandb":{"runtime":3557},"train/approx_kl":0.0590367,"train/loss":0.019555047,"_step":19035,"train/value_loss":0.0010082519,"time/fps":844,"train/clip_range":0.2,"_timestamp":1.7369804083836038e+09,"rollout/ep_len_mean":930.64,"_runtime":3557.2324317}