{"train/value_loss":0.045032237,"train/clip_fraction":0.11040039,"train/entropy_loss":5.6075892,"train/std":0.038051646,"train/loss":0.001544408,"rollout/ep_rew_mean":-40.24384,"_runtime":3123.6661294,"train/learning_rate":0.00063285016,"_timestamp":1.7371386036058748e+09,"_step":19034,"_wandb":{"runtime":3124},"train/approx_kl":0.015708908,"train/explained_variance":0.94920164,"train/clip_range":0.2,"rollout/ep_len_mean":994.13,"global_step":3000320,"time/fps":961,"train/policy_gradient_loss":0.0007844701}