{"rollout/ep_len_mean":704.14,"rollout/ep_rew_mean":260.9343,"_timestamp":1.7370565315755148e+09,"global_step":3000320,"train/policy_gradient_loss":0.027509319,"_wandb":{"runtime":2294},"time/fps":1309,"train/approx_kl":0.023217788,"train/std":0.08668824,"train/loss":0.5982187,"train/entropy_loss":3.084373,"train/value_loss":3.0024192,"train/learning_rate":0.00017783561,"_runtime":2292.1886708,"train/explained_variance":0.95273983,"_step":19034,"train/clip_fraction":0.42167968,"train/clip_range":0.2}