{"_wandb":{"runtime":2667},"train/policy_gradient_loss":0.0007053385,"train/std":0.13710463,"train/clip_fraction":0.15478516,"time/fps":1126,"_timestamp":1.736983073860878e+09,"train/learning_rate":0.00033418927,"train/explained_variance":0.99216014,"train/value_loss":0.0018231645,"train/entropy_loss":1.7553191,"global_step":3000320,"train/clip_range":0.2,"_runtime":2667.3459094,"rollout/ep_len_mean":939.69,"_step":19035,"train/approx_kl":0.015933428,"train/loss":0.0013683941,"rollout/ep_rew_mean":-19.165882}