{"time/fps":984,"_step":19035,"train/learning_rate":0.0009686713,"train/clip_range":0.2,"rollout/ep_rew_mean":-46.512787,"_timestamp":1.7371424866527205e+09,"train/policy_gradient_loss":-0.0037421093,"train/std":0.08078655,"train/entropy_loss":3.3105612,"train/approx_kl":0.069110066,"train/clip_fraction":0.21450195,"train/loss":0.014916871,"global_step":3000320,"train/explained_variance":0.96728945,"train/value_loss":0.006778689,"rollout/ep_len_mean":1001,"_wandb":{"runtime":3054},"_runtime":3054.9688959}