{"train/value_loss":38.548027,"global_step":3000320,"rollout/ep_rew_mean":190.26534,"train/explained_variance":0.82030976,"train/learning_rate":0.0003,"_step":19035,"train/clip_fraction":0.09863281,"_wandb":{"runtime":1596},"_timestamp":1.7367719971687734e+09,"train/std":0.76277214,"rollout/ep_len_mean":952.14,"train/policy_gradient_loss":-0.0020203164,"train/loss":21.57903,"_runtime":1596.8150132,"time/fps":1880,"train/entropy_loss":-3.429288,"train/clip_range":0.2,"train/approx_kl":0.006712783}