{"_runtime":4211.8073222,"train/entropy_loss":4.553827,"_timestamp":1.7369842344706733e+09,"train/value_loss":0.0026392464,"_step":19034,"train/approx_kl":0.499964,"rollout/ep_rew_mean":-20.392101,"_wandb":{"runtime":4213},"train/loss":-0.053850472,"train/explained_variance":0.99492866,"time/fps":712,"train/policy_gradient_loss":0.0005527742,"train/clip_range":0.2,"train/clip_fraction":0.32714844,"global_step":3000320,"train/std":0.055913493,"train/learning_rate":0.000983823,"rollout/ep_len_mean":901.59}