{"train/explained_variance":0.9981322,"_timestamp":1.7369876856241958e+09,"train/learning_rate":0.0009410332,"rollout/ep_rew_mean":-20.13565,"train/loss":0.0061587114,"_runtime":3253.5775844,"_step":19034,"train/clip_fraction":0.2923828,"train/std":0.044416487,"train/approx_kl":0.028266462,"rollout/ep_len_mean":914.6,"train/value_loss":0.0018209729,"global_step":3000320,"train/entropy_loss":5.0899916,"time/fps":922,"train/policy_gradient_loss":0.007975106,"_wandb":{"runtime":3256},"train/clip_range":0.2}