{"_runtime":3495.403616,"_step":19034,"train/loss":0.09270861,"train/learning_rate":0.00023195219,"train/explained_variance":0.88180697,"train/value_loss":0.2854035,"_wandb":{"runtime":3497},"time/fps":859,"rollout/ep_len_mean":886.87,"train/clip_fraction":0.25317383,"train/approx_kl":0.01349863,"_timestamp":1.7371190128195794e+09,"train/policy_gradient_loss":0.006697,"train/std":0.07694381,"global_step":3000320,"train/clip_range":0.2,"rollout/ep_rew_mean":52.035286,"train/entropy_loss":3.466595}