{"rollout/ep_len_mean":1001,"_timestamp":1.737133204582359e+09,"time/fps":692,"train/value_loss":0.008139845,"train/clip_fraction":0.10874023,"train/clip_range":0.2,"train/std":0.06463948,"global_step":3000320,"train/approx_kl":0.0084324125,"train/learning_rate":0.0007482938,"train/loss":0.004129018,"train/entropy_loss":3.9873505,"train/policy_gradient_loss":0.0009041306,"_step":19034,"_runtime":4337.78599,"rollout/ep_rew_mean":-46.032703,"train/explained_variance":0.9449874,"_wandb":{"runtime":4339}}