{"train/value_loss":0.0026413845,"rollout/ep_rew_mean":-13.396229,"train/loss":0.02159551,"time/fps":1127,"_timestamp":1.7370276057400045e+09,"train/explained_variance":0.9916543,"train/entropy_loss":2.5625856,"_runtime":2663.7468011,"train/policy_gradient_loss":0.002190674,"train/clip_fraction":0.18349609,"train/std":0.1029706,"train/learning_rate":0.0003088302,"_wandb":{"runtime":2666},"train/clip_range":0.2,"train/approx_kl":0.016852563,"_step":19034,"rollout/ep_len_mean":723.97,"global_step":3000320}