{"_runtime":2891.8189363,"rollout/ep_rew_mean":-17.529863,"train/clip_range":0.2,"train/clip_fraction":0.3190918,"train/value_loss":0.011382921,"global_step":3000320,"_step":19034,"train/approx_kl":0.02962226,"train/learning_rate":0.0007112437,"_wandb":{"runtime":2896},"train/std":0.07971993,"rollout/ep_len_mean":793.4,"train/explained_variance":0.98486197,"train/loss":0.01323032,"time/fps":1038,"train/policy_gradient_loss":0.019529367,"_timestamp":1.7369800156918404e+09,"train/entropy_loss":3.3299613}