{"time/fps":1407,"global_step":100352,"rollout/ep_len_mean":1001,"train/learning_rate":0.006752348,"train/std":0.82170826,"_timestamp":1.7369761161642146e+09,"_runtime":73.4452388,"train/value_loss":0.023350531,"train/entropy_loss":-3.6370437,"_step":627,"train/clip_range":0.2,"train/loss":0.020741919,"_wandb":{"runtime":73},"train/approx_kl":0.0062093893,"train/clip_fraction":0.12163086,"train/explained_variance":0.8932549,"train/policy_gradient_loss":0.0005094837,"rollout/ep_rew_mean":-185.39116}