{"train/explained_variance":0.9817804,"train/std":0.064205594,"time/fps":931,"train/clip_fraction":0.22543946,"train/value_loss":0.009036015,"train/policy_gradient_loss":0.008438008,"_wandb":{"runtime":3223},"rollout/ep_rew_mean":-15.654278,"rollout/ep_len_mean":822.26,"_step":19034,"train/clip_range":0.2,"train/entropy_loss":4.0794077,"train/loss":0.024361592,"train/learning_rate":0.00067666033,"_runtime":3223.618715,"global_step":3000320,"_timestamp":1.73698678043975e+09,"train/approx_kl":0.016773228}