{"train/std":0.11423045,"train/approx_kl":0.061171543,"_runtime":2655.0951203,"_timestamp":1.7370275960089092e+09,"time/fps":1131,"global_step":3000320,"train/entropy_loss":2.2582424,"_step":19034,"rollout/ep_len_mean":713.57,"rollout/ep_rew_mean":-14.16825,"_wandb":{"runtime":2657},"train/policy_gradient_loss":0.0064841853,"train/loss":0.017188527,"train/value_loss":0.00035365167,"train/clip_fraction":0.332959,"train/explained_variance":0.99921376,"train/learning_rate":0.00059151964,"train/clip_range":0.2}