{"train/std":0.0960019,"_runtime":2187.6795203,"_wandb":{"runtime":2188},"_step":19034,"train/loss":0.006646892,"train/clip_fraction":0.13300781,"rollout/ep_rew_mean":-38.42362,"train/value_loss":0.05109258,"time/fps":1373,"train/learning_rate":0.0009706761,"train/approx_kl":0.015997652,"train/explained_variance":0.968995,"train/entropy_loss":3.070188,"train/clip_range":0.2,"_timestamp":1.7370436935739908e+09,"train/policy_gradient_loss":-0.0038046096,"global_step":3000320,"rollout/ep_len_mean":1001}