{"_step":19034,"_wandb":{"runtime":2916},"train/clip_range":0.2,"train/std":0.07184702,"_runtime":2915.0861485,"train/policy_gradient_loss":0.0061598555,"train/entropy_loss":3.6669908,"time/fps":1031,"train/value_loss":14.405011,"rollout/ep_len_mean":596.97,"train/approx_kl":0.030310592,"_timestamp":1.737064937406883e+09,"train/clip_fraction":0.26367188,"train/explained_variance":0.8978201,"global_step":3000320,"train/learning_rate":0.0003214313,"train/loss":6.164613,"rollout/ep_rew_mean":249.50175}