{"train/clip_range":0.2,"_runtime":12355.329321,"train/learning_rate":0.0003,"rollout/ep_len_mean":411.14,"train/policy_gradient_loss":0.0033535373,"train/entropy_loss":0.4244075,"train/approx_kl":0.012768835,"_timestamp":1.7369677177172089e+09,"_step":7789,"rollout/ep_rew_mean":-10.941267,"train/loss":0.016552264,"train/clip_fraction":0.23427734,"global_step":1228800,"train/explained_variance":0.9799023,"train/std":0.21106982,"_wandb":{"runtime":12355},"time/fps":99,"train/value_loss":0.016860083}