{"train/entropy_loss":4.1059256,"_timestamp":1.7369817371188974e+09,"train/std":0.061905574,"_step":19034,"rollout/ep_len_mean":829.82,"train/clip_fraction":0.24521485,"_runtime":4413.0050231,"train/policy_gradient_loss":0.0067276014,"train/clip_range":0.2,"train/value_loss":0.003464808,"train/explained_variance":0.9961962,"global_step":3000320,"_wandb":{"runtime":4413},"rollout/ep_rew_mean":-15.050951,"time/fps":680,"train/learning_rate":0.00040493556,"train/approx_kl":0.014651716,"train/loss":0.054792553}