{"_runtime":1078.5109058,"train/explained_variance":0.82874393,"global_step":2000896,"_timestamp":1.7369437236448255e+09,"train/learning_rate":0.0003,"train/clip_fraction":0.0068359375,"time/fps":1857,"_wandb":{"runtime":1078},"train/policy_gradient_loss":0.0028571074,"_step":12691,"train/loss":0.03808873,"train/value_loss":0.04516988,"train/entropy_loss":-3.7008336,"rollout/ep_rew_mean":-28.443169,"train/clip_range":0.2,"train/approx_kl":0.0016138231,"train/std":0.83176184,"rollout/ep_len_mean":960.7}