{"rollout/ep_rew_mean":-17.463833,"train/entropy_loss":4.2831063,"train/learning_rate":0.000860666,"train/approx_kl":0.028863896,"time/fps":624,"train/std":0.05776173,"_wandb":{"runtime":4814},"train/clip_fraction":0.23120117,"_runtime":4809.0876991,"_timestamp":1.7369905253524978e+09,"rollout/ep_len_mean":822.11,"train/value_loss":0.0006302026,"global_step":3000320,"train/clip_range":0.2,"train/explained_variance":0.99197316,"_step":19034,"train/policy_gradient_loss":0.0071034664,"train/loss":0.0033119994}