{"train/approx_kl":0.007931178,"train/loss":0.006905308,"_step":19035,"train/value_loss":0.01588213,"train/policy_gradient_loss":0.0027068302,"train/std":0.05044492,"_timestamp":1.7371288998710158e+09,"train/clip_fraction":0.11801758,"train/entropy_loss":4.881289,"_wandb":{"runtime":3493},"train/learning_rate":0.00057516247,"train/explained_variance":0.8960784,"train/clip_range":0.2,"_runtime":3493.9666962,"rollout/ep_rew_mean":-52.51734,"global_step":3000320,"rollout/ep_len_mean":1001,"time/fps":859}