{"_timestamp":1.7369931977681687e+09,"train/learning_rate":0.0007134916,"train/entropy_loss":2.348199,"time/fps":648,"train/clip_fraction":0.18984374,"train/policy_gradient_loss":0.008016528,"train/approx_kl":0.009251225,"train/explained_variance":0.9796873,"_wandb":{"runtime":4631},"train/clip_range":0.2,"rollout/ep_rew_mean":-12.143034,"train/value_loss":0.001721707,"rollout/ep_len_mean":597.82,"train/std":0.1109319,"global_step":3000320,"train/loss":-0.0024327587,"_runtime":4627.0448538,"_step":19034}