{"_wandb":{"runtime":2397},"train/learning_rate":0.00068178977,"rollout/ep_rew_mean":-16.406385,"train/entropy_loss":3.1600728,"train/explained_variance":0.9925013,"rollout/ep_len_mean":906.4,"_step":19034,"_runtime":2394.5930839,"global_step":3000320,"train/approx_kl":0.026778508,"train/std":0.08457444,"train/clip_fraction":0.2256836,"train/clip_range":0.2,"train/policy_gradient_loss":0.0057254047,"train/value_loss":0.0019309561,"train/loss":0.0013522084,"time/fps":1254,"_timestamp":1.737030991411594e+09}