{"rollout/ep_rew_mean":-29.776947,"train/entropy_loss":3.003478,"train/learning_rate":0.00058662926,"_runtime":2843.1012933,"train/explained_variance":0.9171344,"_step":19034,"train/clip_range":0.2,"_timestamp":1.737137229693635e+09,"train/policy_gradient_loss":0.0028397595,"train/value_loss":0.01735402,"time/fps":1056,"train/loss":0.022760564,"rollout/ep_len_mean":991.38,"train/std":0.08912771,"_wandb":{"runtime":2844},"global_step":3000320,"train/clip_fraction":0.22919922,"train/approx_kl":0.018011216}