{"train/entropy_loss":-1.2104374,"rollout/ep_len_mean":807.74,"time/fps":1426,"train/approx_kl":0.007422163,"train/policy_gradient_loss":0.0073113088,"train/loss":0.037096582,"train/explained_variance":0.95773935,"train/clip_fraction":0.11621094,"train/std":0.36244285,"train/learning_rate":0.0003,"_wandb":{"runtime":2806},"_runtime":2806.9927611,"rollout/ep_rew_mean":-16.37216,"global_step":4001792,"train/clip_range":0.2,"train/value_loss":0.06408715,"_timestamp":1.7369330882374516e+09,"_step":25392}