{"train/explained_variance":0.9963348,"global_step":3000320,"train/loss":0.0053716027,"train/value_loss":0.002039019,"rollout/ep_rew_mean":-43.079605,"_runtime":3636.5199724,"train/clip_fraction":0.33149415,"_timestamp":1.7370285910674503e+09,"time/fps":825,"train/std":0.052246828,"train/learning_rate":0.00068660546,"_wandb":{"runtime":3637},"rollout/ep_len_mean":982.91,"train/clip_range":0.2,"train/entropy_loss":4.813347,"train/approx_kl":0.035738796,"train/policy_gradient_loss":0.0096370755,"_step":19034}