{"_step":19035,"train/clip_range":0.2,"train/learning_rate":0.0003,"train/loss":0.0017839707,"_timestamp":1.7369547907423718e+09,"_runtime":1788.8646856,"train/clip_fraction":0.049316406,"rollout/ep_rew_mean":-23.325277,"rollout/ep_len_mean":923.71,"train/explained_variance":0.9573199,"train/value_loss":0.02238017,"train/std":0.68190384,"train/policy_gradient_loss":0.0011064245,"_wandb":{"runtime":1788},"global_step":3000320,"train/entropy_loss":-3.1055892,"time/fps":1678,"train/approx_kl":0.0045122807}