{"rollout/ep_rew_mean":179.32437,"_wandb":{"runtime":3496},"train/std":0.10763022,"global_step":3000320,"train/clip_fraction":0.1415039,"train/entropy_loss":2.463,"train/value_loss":9.358491,"_timestamp":1.7370638722748969e+09,"train/explained_variance":0.7955121,"_step":19034,"train/policy_gradient_loss":0.0023056292,"time/fps":859,"train/clip_range":0.2,"train/learning_rate":8.907539e-05,"train/loss":1.7738991,"_runtime":3495.1130853,"rollout/ep_len_mean":445.68,"train/approx_kl":0.018637689}