{"train/clip_range":0.2,"train/std":0.05611375,"train/entropy_loss":4.4820347,"train/policy_gradient_loss":0.0019312687,"train/clip_fraction":0.13779297,"global_step":3000320,"_wandb":{"runtime":3459},"train/approx_kl":0.014720278,"train/explained_variance":0.9819584,"train/value_loss":0.017075414,"rollout/ep_len_mean":1001,"_timestamp":1.7371351519177988e+09,"rollout/ep_rew_mean":-48.38719,"time/fps":868,"train/learning_rate":0.000871529,"_step":19034,"train/loss":-0.006564176,"_runtime":3459.2251096}