{"_step":19035,"train/explained_variance":0.99042994,"time/fps":691,"train/value_loss":0.0051322835,"train/learning_rate":0.00072947366,"train/clip_range":0.2,"rollout/ep_rew_mean":-37.57087,"global_step":3000320,"rollout/ep_len_mean":1001,"_wandb":{"runtime":4345},"train/entropy_loss":3.3472626,"train/std":0.088807546,"train/policy_gradient_loss":-0.0009480676,"train/approx_kl":0.0076169996,"_timestamp":1.7371283646425526e+09,"_runtime":4345.74301,"train/clip_fraction":0.11040039,"train/loss":-0.009115993}