{"global_step":3000320,"train/loss":-0.008590893,"rollout/ep_rew_mean":-18.937233,"rollout/ep_len_mean":934.22,"train/clip_fraction":0.35146484,"_step":19035,"train/approx_kl":0.04707571,"train/entropy_loss":4.000964,"train/value_loss":0.0017499938,"time/fps":1024,"train/policy_gradient_loss":0.013182513,"train/std":0.06436583,"train/explained_variance":0.9912755,"_timestamp":1.737030530987365e+09,"train/clip_range":0.2,"_runtime":2931.5170812,"train/learning_rate":0.0008565247,"_wandb":{"runtime":2931}}