{"global_step":3000320,"train/approx_kl":0.029837698,"_step":19034,"rollout/ep_rew_mean":-16.812609,"train/learning_rate":0.00065783766,"train/policy_gradient_loss":-0.0015095279,"_runtime":2999.491797,"rollout/ep_len_mean":758.2,"train/clip_range":0.2,"train/loss":0.018544666,"time/fps":1002,"train/std":0.14366776,"train/explained_variance":0.95187056,"train/entropy_loss":1.6202234,"_wandb":{"runtime":3001},"train/value_loss":0.016883973,"train/clip_fraction":0.30717772,"_timestamp":1.7369802333388295e+09}