{"_wandb":{"runtime":1605},"train/clip_range":0.2,"_timestamp":1.7369529275363486e+09,"train/policy_gradient_loss":0.00037652563,"rollout/ep_rew_mean":-23.593359,"train/loss":0.007974444,"time/fps":1870,"train/std":0.66886646,"train/approx_kl":0.0065969443,"train/explained_variance":0.9540736,"train/learning_rate":0.0003,"train/value_loss":0.01615512,"train/entropy_loss":-3.0490785,"train/clip_fraction":0.08935547,"rollout/ep_len_mean":946.45,"global_step":3000320,"_step":19035,"_runtime":1605.9878353}